PUBCHEM_RESULT_TAG,PUBCHEM_SID,PUBCHEM_CID,PUBCHEM_ACTIVITY_OUTCOME,PUBCHEM_ACTIVITY_SCORE,PUBCHEM_ACTIVITY_URL,PUBCHEM_ASSAYDATA_COMMENT,Phenotype,Potency,Efficacy,Activity_Score,Curve_Description,Fit_LogAC50,Fit_HillSlope,Fit_R2,Fit_InfiniteActivity,Fit_ZeroActivity,Fit_CurveClass,Excluded_Points,Max_Response,Activity at 0.127 uM,Activity at 0.191 uM,Activity at 0.281 uM,Activity at 0.381 uM,Activity at 0.509 uM,Activity at 0.762 uM,Activity at 1.021 uM,Activity at 1.523 uM,Activity at 2.041 uM,Activity at 3.046 uM,Activity at 4.081 uM,Activity at 6.084 uM,Activity at 8.159 uM,Activity at 12.17 uM,Activity at 16.28 uM,Activity at 24.19 uM,Activity at 32.56 uM,Activity at 37.30 uM,Activity at 49.15 uM,Activity at 74.16 uM,Activity at 99.97 uM,Activity at 154.4 uM,Activity at 243.9 uM,Activity at 325.7 uM,Activity at 487.8 uM,Compound QC
RESULT_TYPE,,,,,,,STRING,STRING,STRING,STRING,STRING,STRING,STRING,STRING,STRING,STRING,STRING,STRING,STRING,STRING,STRING,STRING,STRING,STRING,STRING,STRING,STRING,STRING,STRING,STRING,STRING,STRING,STRING,STRING,STRING,STRING,STRING,STRING,STRING,STRING,STRING,STRING,STRING,STRING,STRING
1,26755302,16759513,Active,88,http://assay.nih.gov/htsws/rest/display/zika-ns2b-ns3-mCherry-counterscreen-72hr/NCGC00161647-02/238460041,,Cytotoxic,1,109.0082,88,Complete curve; high efficacy,-6,1.0099,0.9146,-102.7625,6.2457,-1.1,0 0 0 0 0 0 0,-100.1584,,,,,-20.9186,,-60.6177,,-69.6714,,-69.4866,,-95.9879,,-98.0203,,-100.1584,,,,,,,,,QC'd by BIOMOL
2,363680695,67207673,Active,87,http://assay.nih.gov/htsws/rest/display/zika-ns2b-ns3-mCherry-counterscreen-72hr/NCGC00387845-01/238460059,,Cytotoxic,1,95.1685,87,Complete curve; high efficacy,-6,1.5296,0.9751,-94.5025,0.6661,-1.1,0 0 0 0 0 0 0,-99.6861,,,,,-22.3365,,-49.3984,,-75.3444,,-77.8553,,-89.5031,,-91.5606,,-99.6861,,,,,,,,,QC'd by ChemieTek
3,363681268,11599836,Active,87,http://assay.nih.gov/htsws/rest/display/zika-ns2b-ns3-mCherry-counterscreen-72hr/NCGC00485239-01/238459932,,Cytotoxic,1.122,99.5062,87,Complete curve; high efficacy,-5.95,4.9549,0.9977,-100.8633,-1.3571,-1.1,0 0 0 0 0 0 0,-99.5672,,,,,-2.9917,,-39.2489,,-99.9236,,-100.5602,,-100.662,,-98.7778,,-99.5672,,,,,,,,,QC'd by SIGMA
4,384568367,122724,Active,87,http://assay.nih.gov/htsws/rest/display/zika-ns2b-ns3-mCherry-counterscreen-72hr/NCGC00178913-11/238459936,,Cytotoxic,1.122,89.7663,87,Complete curve; high efficacy,-5.95,3.5117,0.9965,-100.7102,-10.944,-1.1,0 0 0 0 0 0 0,-100.4328,,,,,-16.9192,,-46.3017,,-95.035,,-99.8218,,-99.1088,,-100.5092,,-100.4328,,,,,,,,,QC'd by SIGMA
5,387065737,6277976,Active,87,http://assay.nih.gov/htsws/rest/display/zika-ns2b-ns3-mCherry-counterscreen-72hr/NCGC00098384-02/238459820,,Cytotoxic,1,102.1739,87,Complete curve; high efficacy,-6,2.0437,0.9962,-98.1369,4.0371,-1.1,0 0 0 0 0 0 0,-95.9547,,,,,-16.4429,,-48.5963,,-77.7158,,-95.1177,,-99.1282,,-95.5711,,-95.9547,,,,,,,,,QC'd by Chemdiv
6,363681191,46871935,Active,85,http://assay.nih.gov/htsws/rest/display/zika-ns2b-ns3-mCherry-counterscreen_66hr/NCGC00485023-01/238459790,,Cytotoxic,4.4668,100.1303,85,Complete curve; high efficacy,-5.35,2.1211,0.996,-107.9589,-7.8287,-1.1,0 0 0 0 0 0 0,-107.7434,,,,,,-10.6906,,-16.0069,,-37.9948,,-77.8677,,-92.5744,,-106.5299,,,-107.7434,,,,,,,QC'd by SIGMA
7,387065736,6857793,Active,85,http://assay.nih.gov/htsws/rest/display/zika-ns2b-ns3-mCherry-counterscreen-72hr/NCGC00095727-03/238459989,,Cytotoxic,3.1623,91.3442,85,Complete curve; high efficacy,-5.5,4.9549,0.9988,-98.9735,-7.6293,-1.1,0 0 0 0 0 0 0,-98.9285,,,,,-8.9472,,-6.9381,,-15.9121,,-80.3643,,-95.6068,,-99.9732,,-98.9285,,,,,,,,,QC'd by Microsource
8,387065804,51400333,Active,85,http://assay.nih.gov/htsws/rest/display/zika-ns2b-ns3-mCherry-counterscreen-72hr/NCGC00264063-01/238460018,,Cytotoxic,2.8184,84.2544,85,Complete curve; high efficacy,-5.55,4.9549,0.9968,-99.6975,-15.4431,-1.1,0 0 0 0 0 0 0,-99.4985,,,,,-11.8121,,-18.4902,,-30.421,,-90.8671,,-97.3868,,-99.0234,,-99.4985,,,,,,,,,QC'd by Microsource
9,124893322,216239,Active,84,http://assay.nih.gov/htsws/rest/display/zika-ns2b-ns3-mCherry-counterscreen-72hr/NCGC00167488-04/238459831,,Cytotoxic,4.4668,107.1817,84,Complete curve; high efficacy,-5.35,3.5117,0.9471,-91.4655,15.7161,-1.1,0 0 0 0 0 0 0,-77.7855,,,,,,,13.2694,,4.5859,,-14.9433,,-98.9887,,-92.8509,,-91.3862,,-77.7855,,,,,,,QC'd by Selleck
10,174007025,11228183,Active,84,http://assay.nih.gov/htsws/rest/display/zika-ns2b-ns3-mCherry-counterscreen-72hr/NCGC00253562-02/238459854,,Cytotoxic,5.0119,93.031,84,Complete curve; high efficacy,-5.3,3.0654,0.999,-96.7852,-3.7542,-1.1,0 0 0 0 0 0 0,-97.1739,,,,,-2.7607,,-5.5345,,-10.5848,,-33.6125,,-80.1125,,-93.5104,,-97.1739,,,,,,,,,QC'd by Selleck
11,24405965,16027480,Active,84,http://assay.nih.gov/htsws/rest/display/zika-ns2b-ns3-mCherry-counterscreen_66hr/NCGC00130582-01/238459783,,Cytotoxic,5.6234,95.1897,84,Complete curve; high efficacy,-5.25,1.2946,0.9757,-100.386,-5.1963,-1.1,0 0 0 0 0 0 0,-92.95,,,,,,-13.9555,,-14.4467,,-35.7989,,-62.2652,,-66.6859,,-89.9162,,,-92.95,,,,,,,QC'd by Sytravon
12,363680229,72188643,Active,84,http://assay.nih.gov/htsws/rest/display/zika-ns2b-ns3-mCherry-counterscreen-72hr/NCGC00386350-01/238460044,,Cytotoxic,5.6234,111.0505,84,Complete curve; high efficacy,-5.25,1.9673,0.9628,-105.7958,5.2547,-1.1,0 0 0 0 0 0 0,-94.8792,,,,,-0.7259,,-2.8111,,1.6233,,-24.7987,,-84.1626,,-95.8295,,-94.8792,,,,,,,,,QC'd by Selleck
13,363680359,53483920,Active,84,http://assay.nih.gov/htsws/rest/display/zika-ns2b-ns3-mCherry-counterscreen-72hr/NCGC00386618-01/238460081,,Cytotoxic,4.4668,88.6334,84,Complete curve; high efficacy,-5.35,2.3332,0.9783,-98.992,-10.3586,-1.1,0 0 0 0 0 0 0,-98.7944,,,,,-10.2988,,-10.3758,,-27.921,,-45.3123,,-90.4835,,-87.3541,,-98.7944,,,,,,,,,QC'd by Axon Medchem
14,363680478,23602075,Active,84,http://assay.nih.gov/htsws/rest/display/zika-ns2b-ns3-mCherry-counterscreen-72hr/NCGC00386875-01/238460061,,Cytotoxic,5.0119,97.4802,84,Complete curve; high efficacy,-5.3,2.7202,0.973,-105.3771,-7.8969,-1.1,0 0 0 0 0 0 0,-100.0513,,,,,-10.7605,,-9.9141,,-17.8915,,-31.4865,,-96.7423,,-100.3591,,-100.0513,,,,,,,,,QC'd by Evotec
15,363680527,91895223,Active,84,http://assay.nih.gov/htsws/rest/display/zika-ns2b-ns3-mCherry-counterscreen_66hr/NCGC00387032-01/238459811,,Cytotoxic,6.3096,83.6959,84,Complete curve; high efficacy,-5.2,2.3332,0.958,-101.5718,-17.8759,-1.1,0 0 0 0 0 0 0,-96.4054,,,,,,-19.1965,,-22.1266,,-30.2522,,-50.2492,,-102.5978,,-93.9586,,,-96.4054,,,,,,,QC'd by SynKinase
16,384568742,49846579,Active,84,http://assay.nih.gov/htsws/rest/display/zika-ns2b-ns3-mCherry-counterscreen-72hr/NCGC00345789-16/238459981,,Cytotoxic,5.6234,111.7707,84,Complete curve; high efficacy,-5.25,1.9673,0.9927,-107.9421,3.8286,-1.1,0 0 0 0 0 0 0,-99.9464,,,,,-0.1607,,-2.8931,,-4.9558,,-30.8867,,-72.9172,,-99.1696,,-99.9464,,,,,,,,,QC'd by Bio Vision
17,11114230,5311192,Active,83,http://assay.nih.gov/htsws/rest/display/zika-ns2b-ns3-mCherry-counterscreen-72hr/NCGC00025309-01/238459962,,Cytotoxic,8.9125,101.7243,83,Complete curve; high efficacy,-5.05,2.7202,0.9945,-105.2888,-3.5646,-1.1,0 0 0 0 0 0 0,-99.7053,,,,,-2.8128,,-3.2146,,-9.2151,,-9.1883,,-50.5759,,-90.9188,,-99.7053,,,,,,,,,QC'd by Tocris
18,144205587,6321424,Active,83,http://assay.nih.gov/htsws/rest/display/zika-ns2b-ns3-mCherry-counterscreen-72hr/NCGC00163233-01/238459910,,Cytotoxic,8.9125,95.0534,83,Complete curve; high efficacy,-5.05,2.7202,0.9877,-107.3675,-12.3141,-1.1,0 0 0 0 0 0 0,-98.5996,,,,,-8.9752,,-12.3361,,-17.4029,,-21.3749,,-53.049,,-99.4144,,-98.5996,,,,,,,,,QC'd by BIOMOL
19,144210935,10229,Active,83,http://assay.nih.gov/htsws/rest/display/zika-ns2b-ns3-mCherry-counterscreen-72hr/NCGC00254471-01/238459802,,Cytotoxic,10,94.7535,83,Complete curve; high efficacy,-5,4.9549,0.9943,-102.6603,-7.9068,-1.1,0 0 0 0 0 0 0,-99.6893,,,,,,,-4.4019,,-7.0948,,-12.9208,,-32.9104,,-100.6473,,-100.1295,,-99.6893,,,,,,,QC'd by SIGMA
20,170465892,91771,Active,83,http://assay.nih.gov/htsws/rest/display/zika-ns2b-ns3-mCherry-counterscreen_66hr/NCGC00262959-01/238459838,,Cytotoxic,8.9125,89.4096,83,Complete curve; high efficacy,-5.05,2.3332,0.9986,-100.1092,-10.6996,-1.1,0 0 0 0 0 0 0,-99.9094,,,,,,-11.9166,,-12.2187,,-15.3602,,-38.5289,,-70.1858,,-91.24,,,-99.9094,,,,,,,QC'd by GVK
21,174006692,1324494,Active,83,http://assay.nih.gov/htsws/rest/display/zika-ns2b-ns3-mCherry-counterscreen-72hr/NCGC00262829-02/238459982,,Cytotoxic,10,101.2247,83,Complete curve; high efficacy,-5,2.4729,0.9925,-101.5265,-0.3018,-1.1,0 0 0 0 0 0 0,-96.1425,,,,,1.8752,,-3.8307,,-3.5628,,-4.5272,,-42.9145,,-76.48,,-96.1425,,,,,,,,,QC'd by EMD Chemicals
22,363677457,166558,Active,83,http://assay.nih.gov/htsws/rest/display/zika-ns2b-ns3-mCherry-counterscreen-72hr/NCGC00346572-02/238459855,,Cytotoxic,10,96.3558,83,Complete curve; high efficacy,-5,2.3332,0.973,-109.1867,-12.8309,-1.1,0 0 0 0 0 0 0,-98.901,,,,,-6.7644,,-13.5941,,-19.9006,,-28.5883,,-42.4833,,-94.4263,,-98.901,,,,,,,,,QC'd by Selleck
23,363677853,68414868,Active,83,http://assay.nih.gov/htsws/rest/display/zika-ns2b-ns3-mCherry-counterscreen-72hr/NCGC00370782-01/238460030,,Cytotoxic,8.9125,97.4948,83,Complete curve; high efficacy,-5.05,2.7202,0.9859,-106.0389,-8.5441,-1.1,0 0 0 0 0 0 0,-99.2873,,,,,-8.6446,,-8.9877,,-7.3776,,-25.1947,,-45.8097,,-97.0173,,-99.2873,,,,,,,,,QC'd by Tocris
24,363677949,9889522,Active,83,http://assay.nih.gov/htsws/rest/display/zika-ns2b-ns3-mCherry-counterscreen-72hr/NCGC00370944-01/238460039,,Cytotoxic,8.9125,99.8674,83,Complete curve; high efficacy,-5.05,2.3332,0.9903,-104.1056,-4.2382,-1.1,0 0 0 0 0 0 0,-94.2985,,,,,-2.0985,,-8.1959,,-7.3512,,-15.9034,,-49.2411,,-91.263,,-94.2985,,,,,,,,,QC'd by Tocris
25,363678214,66577055,Active,83,http://assay.nih.gov/htsws/rest/display/zika-ns2b-ns3-mCherry-counterscreen_66hr/NCGC00378812-01/238459999,,Cytotoxic,8.9125,100.2388,83,Complete curve; high efficacy,-5.05,4.9549,0.9811,-105.7977,-5.5588,-1.1,0 0 0 0 0 0 0,-100.4215,,,,,,-10.0105,,-9.2378,,-6.5332,,-7.9733,,-98.0681,,-103.7232,,,-100.4215,,,,,,,QC'd by MedChem Express
26,363678946,45359203,Active,83,http://assay.nih.gov/htsws/rest/display/zika-ns2b-ns3-mCherry-counterscreen_66hr/NCGC00381051-01/238459871,,Cytotoxic,7.9433,91.4194,83,Complete curve; high efficacy,-5.1,4.9549,0.9869,-99.9977,-8.5783,-1.1,0 0 0 0 0 0 0,-94.7709,,,,-4.8987,,-8.404,,-10.8461,,-13.6044,,-22.6548,,-96.897,,-94.7709,,,,,,,,,,QC'd by Analyticon
27,363680347,9809368,Active,83,http://assay.nih.gov/htsws/rest/display/zika-ns2b-ns3-mCherry-counterscreen-72hr/NCGC00386592-01/238460066,,Cytotoxic,7.0795,90.2736,83,Complete curve; high efficacy,-5.15,2.7202,0.9629,-94.0723,-3.7988,-1.1,0 0 0 0 0 0 0,-83.9169,,,,,-7.0155,,-7.939,,-6.8873,,-7.6568,,-64.5505,,-92.2278,,-83.9169,,,,,,,,,QC'd by Axon Medchem
28,387065693,4871,Active,83,http://assay.nih.gov/htsws/rest/display/zika-ns2b-ns3-mCherry-counterscreen-72hr/NCGC00013053-06/238459829,,Cytotoxic,8.9125,97.0004,83,Complete curve; high efficacy,-5.05,3.9295,0.9846,-101.1878,-4.1874,-1.1,0 0 0 0 0 0 0,-97.3147,,,,,-4.83,,-1.0985,,-2.5981,,-15.9547,,-37.1229,,-99.7908,,-97.3147,,,,,,,,,QC'd by Microsource
29,387065787,107970,Active,83,http://assay.nih.gov/htsws/rest/display/zika-ns2b-ns3-mCherry-counterscreen-72hr/NCGC00188399-04/238460022,,Cytotoxic,10,96.561,83,Complete curve; high efficacy,-5,4.9549,0.9814,-102.5729,-6.0119,-1.1,0 0 0 0 0 0 0,-99.4721,,,,,-3.3918,,-0.0132,,-11.6009,,-14.4252,,-24.2708,,-99.9736,,-99.4721,,,,,,,,,QC'd by Cayman
30,387065822,53338167,Active,83,http://assay.nih.gov/htsws/rest/display/zika-ns2b-ns3-mCherry-counterscreen-72hr/NCGC00386266-02/238459954,,Cytotoxic,8.9125,102.2044,83,Complete curve; high efficacy,-5.05,3.0654,0.9949,-102.7099,-0.5055,-1.1,0 0 0 0 0 0 0,-100.1072,,,,,0.9912,,-1.1519,,-5.6791,,-3.9646,,-48.1918,,-88.0793,,-100.1072,,,,,,,,,QC'd by APExBIO
31,387065840,22695701,Active,83,http://assay.nih.gov/htsws/rest/display/zika-ns2b-ns3-mCherry-counterscreen_66hr/NCGC00487435-01/238459852,,Cytotoxic,8.9125,97.6871,83,Complete curve; high efficacy,-5.05,4.045,0.9984,-103.2465,-5.5594,-1.1,0 0 0 0 0 0 0,-102.7186,,,,,,-5.5732,,-5.8752,,-8.473,,-21.1902,,-78.9156,,-104.2894,,,-102.7186,,,,,,,QC'd by Princeton
32,90341636,5282106,Active,83,http://assay.nih.gov/htsws/rest/display/zika-ns2b-ns3-mCherry-counterscreen-72hr/NCGC00015765-07/238460001,,Cytotoxic,8.9125,105.1535,83,Complete curve; high efficacy,-5.05,1.9673,0.9905,-109.3592,-4.2058,-1.1,0 0 0 0 0 0 0,-98.5218,,,,,-3.1279,,-3.0487,,-14.1877,,-24.7459,,-47.631,,-89.996,,-98.5218,,,,,,,,,QC'd by SigmaAldrich
33,124892359,447905,Active,82,http://assay.nih.gov/htsws/rest/display/zika-ns2b-ns3-mCherry-counterscreen_66hr/NCGC00161825-02/238459800,,Cytotoxic,15.8489,106.2044,82,Complete curve; high efficacy,-4.8,3.132,0.9596,-110.6056,-4.4012,-1.1,0 0 0 0 0 0 0,-108.4369,,,,,,-8.2635,,-7.4834,,-7.4545,,-8.0613,,-21.5834,,-105.3742,,,-108.4369,,,,,,,QC'd by Tocris
34,124892374,17756950,Active,82,http://assay.nih.gov/htsws/rest/display/zika-ns2b-ns3-mCherry-counterscreen-72hr/NCGC00162249-04/238459984,,Cytotoxic,11.2202,103.4108,82,Complete curve; high efficacy,-4.95,2.9023,0.9959,-101.8618,1.549,-1.1,0 0 0 0 0 0 0,-98.232,,,,,,,,2.8128,,-0.9912,,-15.9925,,-53.7102,,-97.2408,,,-100.4554,,-98.232,,,,,QC'd by Tocris
35,170466340,213037,Active,82,http://assay.nih.gov/htsws/rest/display/zika-ns2b-ns3-mCherry-counterscreen_66hr/NCGC00249417-02/238459961,,Cytotoxic,15.8489,96.7443,82,Complete curve; high efficacy,-4.8,3.0654,0.9903,-106.9721,-10.2278,-1.1,0 0 0 0 0 0 0,-104.8746,,,,,,-13.1586,,-11.4398,,-12.0316,,-14.2575,,-32.6007,,-91.716,,,-104.8746,,,,,,,QC'd by GVK
36,170466601,31475,Active,82,http://assay.nih.gov/htsws/rest/display/zika-ns2b-ns3-mCherry-counterscreen_66hr/NCGC00160556-02/238459810,,Cytotoxic,10,78.3756,82,Complete curve; high efficacy,-5,4.9549,0.9941,-87.4575,-9.0819,-1.1,0 0 0 0 0 0 0,-83.4466,,,,,,-8.5032,,-9.1376,,-11.9468,,-12.3697,,-70.3368,,-87.2829,,,-83.4466,,,,,,,QC'd by Vitas
37,174006565,135440466,Active,82,http://assay.nih.gov/htsws/rest/display/zika-ns2b-ns3-mCherry-counterscreen_66hr/NCGC00346460-02/238459869,,Cytotoxic,12.5893,108.1848,82,Complete curve; high efficacy,-4.9,1.5296,0.9903,-118.0592,-9.8744,-1.1,0 0 0 0 0 0 0,-104.1086,,,,,,-7.973,,-15.5868,,-22.6548,,-38.7157,,-57.0177,,-94.5985,,,-104.1086,,,,,,,QC'd by Chemscene
38,174007094,73265338,Active,82,http://assay.nih.gov/htsws/rest/display/zika-ns2b-ns3-mCherry-counterscreen_66hr/NCGC00347283-01/238459914,,Cytotoxic,14.1254,93.2809,82,Complete curve; high efficacy,-4.85,2.2481,0.9973,-105.5089,-12.228,-1.1,0 0 0 0 0 0 0,-99.3492,,,,,,-14.7168,,-11.9657,,-11.9657,,-25.7802,,-52.936,,-84.6768,,,-99.3492,,,,,,,QC'd by Vanderbilt
39,24271654,15990916,Active,82,http://assay.nih.gov/htsws/rest/display/zika-ns2b-ns3-mCherry-counterscreen-72hr/NCGC00108309-01/238459935,,Cytotoxic,10,83.9728,82,Complete curve; high efficacy,-5,4.9549,0.9877,-98.786,-14.8132,-1.1,0 0 0 0 0 0 0,-96.2826,,,,,-9.7136,,-14.6785,,-18.0395,,-21.7314,,-32.9854,,-95.4169,,-96.2826,,,,,,,,,QC'd by Sytravon
40,24271658,15990919,Active,82,http://assay.nih.gov/htsws/rest/display/zika-ns2b-ns3-mCherry-counterscreen-72hr/NCGC00108313-01/238459832,,Cytotoxic,11.2202,106.5329,82,Complete curve; high efficacy,-4.95,4.9549,0.9851,-106.0148,0.518,-1.1,0 0 0 0 0 0 0,-99.8256,,,,,3.7838,,0.4708,,-2.4935,,-5.1439,,-9.5031,,-99.3374,,-99.8256,,,,,,,,,QC'd by Sytravon
41,24274183,2424829,Active,82,http://assay.nih.gov/htsws/rest/display/zika-ns2b-ns3-mCherry-counterscreen_66hr/NCGC00100485-01/238459776,,Cytotoxic,14.1254,89.6082,82,Complete curve; high efficacy,-4.85,3.132,0.9869,-110.1583,-20.5501,-1.1,0 0 0 0 0 0 0,-103.7272,,,,,,-14.7067,,-20.6588,,-24.8194,,-28.9801,,-53.7706,,-102.7449,,,-103.7272,,,,,,,QC'd by Sytravon
42,24406027,16027542,Active,82,http://assay.nih.gov/htsws/rest/display/zika-ns2b-ns3-mCherry-counterscreen-72hr/NCGC00130644-01/238459767,,Cytotoxic,11.2202,93.4633,82,Complete curve; high efficacy,-4.95,4.9549,0.9958,-101.0355,-7.5722,-1.1,0 0 0 0 0 0 0,-97.9026,,,,,-5.2563,,-5.7742,,-11.3931,,-7.8198,,-22.8379,,-91.9472,,-97.9026,,,,,,,,,QC'd by Sytravon
43,26748133,5318569,Active,82,http://assay.nih.gov/htsws/rest/display/zika-ns2b-ns3-mCherry-counterscreen-72hr/NCGC00094722-01/238459929,,Cytotoxic,12.5893,92.9472,82,Complete curve; high efficacy,-4.9,4.9549,0.9907,-98.2629,-5.3157,-1.1,0 0 0 0 0 0 0,-93.5837,,,,,-4.9013,,-6.5309,,-7.6003,,-5.3851,,-9.3826,,-84.1375,,-93.5837,,,,,,,,,QC'd by Microsource
44,363677808,52939724,Active,82,http://assay.nih.gov/htsws/rest/display/zika-ns2b-ns3-mCherry-counterscreen-72hr/NCGC00370685-02/238459819,,Cytotoxic,11.2202,86.6997,82,Complete curve; high efficacy,-4.95,4.9549,0.9365,-93.476,-6.7764,-1.1,0 0 0 0 0 0 0,-91.1072,,,,,1.6565,,1.5519,,-14.3505,,-24.3243,,-11.9442,,-86.1203,,-91.1072,,,,,,,,,QC'd by SynKinase
45,363677897,44566108,Active,82,http://assay.nih.gov/htsws/rest/display/zika-ns2b-ns3-mCherry-counterscreen_66hr/NCGC00370868-01/238460043,,Cytotoxic,15.8489,100.1036,82,Complete curve; high efficacy,-4.8,3.5117,0.9706,-102.0021,-1.8985,-1.1,0 0 0 0 0 0 0,-106.2522,,,,,,-0.7025,,-6.8844,,-5.4092,,-3.3017,,-19.5996,,-97.752,,,-106.2522,,,,,,,QC'd by Tocris
46,363680393,10229498,Active,82,http://assay.nih.gov/htsws/rest/display/zika-ns2b-ns3-mCherry-counterscreen_66hr/NCGC00386680-01/238460026,,Cytotoxic,12.5893,93.5613,82,Complete curve; high efficacy,-4.9,2.9023,0.9983,-98.4403,-4.879,-1.1,0 0 0 0 0 0 0,-98.2438,,,,,,-3.2315,,-4.8121,,-9.1675,,-13.9796,,-48.437,,-85.3179,,,-98.2438,,,,,,,QC'd by Axon Medchem
47,363680408,44476535,Active,82,http://assay.nih.gov/htsws/rest/display/zika-ns2b-ns3-mCherry-counterscreen_66hr/NCGC00386705-01/238459966,,Cytotoxic,15.8489,98.8094,82,Complete curve; high efficacy,-4.8,3.0654,0.9608,-109.5587,-10.7494,-1.1,0 0 0 0 0 0 0,-107.4105,,,,,,-12.7078,,-14.173,,-13.1586,,-18.2023,,-24.9084,,-100.479,,,-107.4105,,,,,,,QC'd by Axon Medchem
48,387065731,9954280,Active,82,http://assay.nih.gov/htsws/rest/display/zika-ns2b-ns3-mCherry-counterscreen_66hr/NCGC00092313-03/238460031,,Cytotoxic,12.5893,70.9169,82,Complete curve; high efficacy,-4.9,3.5117,0.9583,-80.2371,-9.3202,-1.1,0 0 0 0 0 0 0,-69.6874,,,,,,-6.6386,,-7.2708,,-10.4672,,-18.3,,-40.3583,,-85.1774,,,-69.6874,,,,,,,QC'd by SIGMA
49,387065801,126963357,Active,82,http://assay.nih.gov/htsws/rest/display/zika-ns2b-ns3-mCherry-counterscreen-72hr/NCGC00263875-01/238459964,,Cytotoxic,11.2202,102.2792,82,Complete curve; high efficacy,-4.95,4.9549,0.9911,-105.8017,-3.5225,-1.1,0 0 0 0 0 0 0,-99.625,,,,,-3.7235,,1.0179,,-5.3576,,-7.5275,,-19.85,,-98.3123,,-99.625,,,,,,,,,QC'd by Microsource
50,387065812,16747776,Active,82,http://assay.nih.gov/htsws/rest/display/zika-ns2b-ns3-mCherry-counterscreen_66hr/NCGC00371135-08/238459833,,Cytotoxic,11.2202,84.589,82,Complete curve; high efficacy,-4.95,4.9549,0.9959,-95.0757,-10.4866,-1.1,0 0 0 0 0 0 0,-94.3211,,,,,,-8.2314,,-12.8833,,-12.7926,,-10.3459,,-64.0538,,-92.7503,,,-94.3211,,,,,,,QC'd by SIGMA
51,387065819,44627267,Active,82,http://assay.nih.gov/htsws/rest/display/zika-ns2b-ns3-mCherry-counterscreen_66hr/NCGC00379075-02/238459937,,Cytotoxic,15.8489,99.2463,82,Complete curve; high efficacy,-4.8,3.0654,0.9879,-110.1467,-10.9004,-1.1,0 0 0 0 0 0 0,-107.987,,,,,,-11.167,,-13.5039,,-12.9419,,-16.2254,,-33.708,,-96.894,,,-107.987,,,,,,,QC'd by MedChem Express
52,124881633,5289501,Active,81,http://assay.nih.gov/htsws/rest/display/zika-ns2b-ns3-mCherry-counterscreen-72hr/NCGC00016015-08/238459958,,Cytotoxic,19.9526,108.066,81,Complete curve; high efficacy,-4.7,1.9673,0.9452,-108.8197,-0.7537,-1.1,0 0 0 0 0 0 0,-89.1776,,,,,,,-1.3662,,-5.1969,,-5.4112,,-13.903,,-34.3156,,-97.5087,,-89.1776,,,,,,,QC'd by SigmaAldrich
53,144206388,13501022,Active,81,http://assay.nih.gov/htsws/rest/display/zika-ns2b-ns3-mCherry-counterscreen_66hr/NCGC00247353-03/238459949,,Cytotoxic,22.3872,107.4273,81,Complete curve; high efficacy,-4.65,2.2526,0.9961,-114.8002,-7.3729,-1.1,0 0 0 0 0 0 0,-105.7092,,,,,,,,-8.0018,,-9.2442,,-12.5573,,-29.1229,,-63.9698,,,-102.189,,-105.7092,,,,,QC'd by RTI
54,24405929,16027444,Active,81,http://assay.nih.gov/htsws/rest/display/zika-ns2b-ns3-mCherry-counterscreen_66hr/NCGC00130546-01/238459924,,Cytotoxic,15.8489,80.7435,81,Complete curve; high efficacy,-4.8,3.132,0.9187,-90.8599,-10.1164,-1.1,0 0 0 0 0 0 0,-81.8074,,,,,,-12.1432,,-12.5277,,-10.9303,,-13.4743,,-21.4022,,-94.6458,,,-81.8074,,,,,,,QC'd by Sytravon
55,144205343,11350,Active,63,http://assay.nih.gov/htsws/rest/display/zika-ns2b-ns3-mCherry-counterscreen-72hr/NCGC00160402-01/238459794,,Cytotoxic,4.4668,57.7509,63,Complete curve; partial efficacy,-5.35,2.2526,0.9891,-65.6743,-7.9234,-1.2,0 0 0 0 0 0 0,-62.3252,,,,,-6.6028,,-9.8395,,-19.0057,,-30.7613,,-57.4573,,-63.7494,,-62.3252,,,,,,,,,QC'd by Bionet
56,363677448,49867926,Active,63,http://assay.nih.gov/htsws/rest/display/zika-ns2b-ns3-mCherry-counterscreen_66hr/NCGC00346541-08/238459889,,Cytotoxic,4.4668,61.4667,63,Complete curve; partial efficacy,-5.35,2.4064,0.9833,-70.7528,-9.286,-1.2,0 0 0 0 0 0 0,-65.12,,,,,,-10.2715,,-16.1327,,-24.982,,-52.3919,,-71.0674,,-69.7457,,,-65.12,,,,,,,QC'd by Glixx
57,170465542,14868,Active,62,http://assay.nih.gov/htsws/rest/display/zika-ns2b-ns3-mCherry-counterscreen_66hr/NCGC00159476-09/238459873,,Cytotoxic,8.9125,53.1613,62,Complete curve; partial efficacy,-5.05,1.8617,0.9956,-65.0065,-11.8451,-1.2,0 0 0 0 0 0 0,-62.5054,,,,,,-13.8055,,-12.7999,,-16.3913,,-31.4754,,-44.893,,-58.4255,,,-62.5054,,,,,,,QC'd by SIGMA
58,24272326,4459676,Active,62,http://assay.nih.gov/htsws/rest/display/zika-ns2b-ns3-mCherry-counterscreen-72hr/NCGC00098628-01/238459980,,Cytotoxic,7.9433,75.2794,62,Complete curve; partial efficacy,-5.1,2.0479,0.9923,-79.8162,-4.5368,-1.2,0 0 0 0 0 0 0,-77.6319,,,,,-6.0273,,-4.3397,,-9.6973,,-16.5818,,-46.5309,,-62.202,,-77.6319,,,,,,,,,QC'd by Sytravon
59,363677510,25154041,Active,62,http://assay.nih.gov/htsws/rest/display/zika-ns2b-ns3-mCherry-counterscreen-72hr/NCGC00346676-09/238459959,,Cytotoxic,10,58.4695,62,Complete curve; partial efficacy,-5,4.9549,0.9706,-99.4316,-40.9621,-1.2,0 0 0 0 0 0 0,-97.0801,,,,,-32.4672,,-42.4324,,-45.0308,,-46.022,,-54.6477,,-97.4819,,-97.0801,,,,,,,,,QC'd by Glixx
60,363681004,54728414,Active,62,http://assay.nih.gov/htsws/rest/display/zika-ns2b-ns3-mCherry-counterscreen-72hr/NCGC00402263-03/238459995,,Cytotoxic,8.9125,72.614,62,Complete curve; partial efficacy,-5.05,2.4064,0.9972,-72.8182,-0.2043,-1.2,0 0 0 0 0 0 0,-70.2652,,,,,-0.6161,,-2.2502,,-1.1787,,-8.3043,,-34.5834,,-57.0319,,-70.2652,,,,,,,,,QC'd by Glixx
61,387065695,2333,Active,62,http://assay.nih.gov/htsws/rest/display/zika-ns2b-ns3-mCherry-counterscreen-72hr/NCGC00013895-11/238459878,,Cytotoxic,11.2202,61.5877,62,Complete curve; partial efficacy,-4.95,3.5722,0.9869,-69.1518,-7.5641,-1.2,0 0 0 0 0 0 0,-69.1221,,,,,-8.4391,,-8.9624,,-10.0615,,-2.8654,,-23.4332,,-54.6251,,-69.1221,,,,,,,,,QC'd by Microsource
62,387065758,6918788,Active,62,http://assay.nih.gov/htsws/rest/display/zika-ns2b-ns3-mCherry-counterscreen_66hr/NCGC00165952-07/238459894,,Cytotoxic,7.0795,63.8176,62,Complete curve; partial efficacy,-5.15,1.4786,0.9933,-67.7726,-3.955,-1.2,0 0 0 0 0 0 0,-62.3905,,,,,,-6.0767,,-11.4495,,-17.4831,,-32.366,,-46.6743,,-62.7065,,,-62.3905,,,,,,,QC'd by SIGMA
63,24409549,135410529,Active,61,http://assay.nih.gov/htsws/rest/display/zika-ns2b-ns3-mCherry-counterscreen_66hr/NCGC00134166-01/238459797,,Cytotoxic,14.1254,71.1654,61,Complete curve; partial efficacy,-4.85,3.132,0.9955,-79.1943,-8.0289,-1.2,0 0 0 0 0 0 0,-75.6429,,,,,,-7.1656,,-9.766,,-5.432,,-13.4065,,-36.6368,,-70.5865,,,-75.6429,,,,,,,QC'd by Sytravon
64,363681449,44473151,Active,61,http://assay.nih.gov/htsws/rest/display/zika-ns2b-ns3-mCherry-counterscreen_66hr/NCGC00485966-01/238459827,,Cytotoxic,17.7828,78.6312,61,Complete curve; partial efficacy,-4.75,2.3332,0.9614,-98.6371,-20.0059,-1.2,0 0 0 0 0 0 0,-91.3306,,,,,,-17.5049,,-19.1059,,-23.5463,,-29.3158,,-34.2395,,-84.4132,,,-91.3306,,,,,,,QC'd by MedChem Express
65,363680196,135565181,Active,43,http://assay.nih.gov/htsws/rest/display/zika-ns2b-ns3-mCherry-counterscreen_66hr/NCGC00386303-01/238459875,,Cytotoxic,8.9125,95.6554,43,Partial curve; high efficacy,-5.05,1.07,0.961,-92.917,2.7384,-2.1,0 0 0 0 0 0 0,-82.4738,,,,,,-4.4677,,-9.7543,,-14.4376,,-46.8467,,-47.6225,,-65.6659,,,-82.4738,,,,,,,QC'd by Selleck
66,174006931,135449332,Active,42,http://assay.nih.gov/htsws/rest/display/zika-ns2b-ns3-mCherry-counterscreen-72hr/NCGC00274067-01/238459974,,Cytotoxic,14.1254,96.2589,42,Partial curve; high efficacy,-4.85,2.4729,0.9819,-99.7321,-3.4732,-2.1,0 0 0 0 0 0 0,-97.7766,,,,,1.9555,,-2.0895,,-4.5004,,-11.8939,,-25.7969,,-56.7104,,-97.7766,,,,,,,,,QC'd by Selleck
67,363676560,9934458,Active,42,http://assay.nih.gov/htsws/rest/display/zika-ns2b-ns3-mCherry-counterscreen-72hr/NCGC00092344-07/238459846,,Cytotoxic,14.1254,83.1003,42,Partial curve; high efficacy,-4.85,2.4729,0.9921,-86.8626,-3.7623,-2.1,0 0 0 0 0 0 0,-80.4284,,,,,-0.6541,,-3.6296,,-6.759,,-10.8119,,-19.6358,,-50.186,,-80.4284,,,,,,,,,QC'd by Selleck
68,384567856,3392731,Active,42,http://assay.nih.gov/htsws/rest/display/zika-ns2b-ns3-mCherry-counterscreen-72hr/NCGC00015480-17/238460071,,Cytotoxic,14.1254,90.0007,42,Partial curve; high efficacy,-4.85,3.6272,0.9895,-93.5621,-3.5614,-2.1,0 0 0 0 0 0 0,-97.4606,,,,,-3.014,,-4.4761,,-4.04,,-3.8861,,-15.3521,,-55.7779,,-97.4606,,,,,,,,,QC'd by Cayman
69,387059855,5281847,Active,42,http://assay.nih.gov/htsws/rest/display/zika-ns2b-ns3-mCherry-counterscreen_66hr/NCGC00025228-12/238459913,,Cytotoxic,14.1254,94.1392,42,Partial curve; high efficacy,-4.85,1.0693,0.9164,-108.8378,-14.6986,-2.1,0 0 0 0 0 0 0,-95.9769,,,,,,-10.7824,,-22.4375,,-38.3819,,-51.1907,,-51.3977,,-65.7447,,,-95.9769,,,,,,,QC'd by CalBioChem
70,124878165,274104,Active,41,http://assay.nih.gov/htsws/rest/display/zika-ns2b-ns3-mCherry-counterscreen_66hr/NCGC00014212-03/238459840,,Cytotoxic,19.9526,66.3856,41,Partial curve; partial efficacy,-4.7,1.9673,0.9978,-77.5535,-11.1679,-2.2,0 0 0 0 0 0 0,-68.2223,,,,,,-10.9198,,-10.7688,,-14.5446,,-16.8706,,-27.8659,,-51.0346,,,-68.2223,,,,,,,QC'd by NCI
71,144205258,5282219,Active,41,http://assay.nih.gov/htsws/rest/display/zika-ns2b-ns3-mCherry-counterscreen-72hr/NCGC00159481-02/238459904,,Cytotoxic,25.1189,118.6082,41,Partial curve; high efficacy,-4.6,4.9549,0.998,-125.2084,-6.6003,-2.1,0 0 0 0 0 0 0,-99.8472,,,,,-6.429,,-9.0516,,-5.105,,-7.3711,,-6.2253,,-16.7664,,-99.8472,,,,,,,,,QC'd by Bionet
72,144206114,54680085,Active,41,http://assay.nih.gov/htsws/rest/display/zika-ns2b-ns3-mCherry-counterscreen-72hr/NCGC00167566-01/238459985,,Cytotoxic,15.8489,86.1601,41,Partial curve; high efficacy,-4.8,3.5117,0.9833,-91.8853,-5.7253,-2.1,0 0 0 0 0 0 0,-95.7139,,,,,-5.0094,,-3.3217,,-8.09,,-8.0096,,-12.8851,,-49.4776,,-95.7139,,,,,,,,,QC'd by SigmaAldrich
73,170466267,75194,Active,41,http://assay.nih.gov/htsws/rest/display/zika-ns2b-ns3-mCherry-counterscreen-72hr/NCGC00161636-02/238459883,,Cytotoxic,25.1189,108.4284,41,Partial curve; high efficacy,-4.6,2.3332,0.9484,-112.8641,-4.4357,-2.1,0 0 0 0 0 0 0,-85.5031,,,,,-11.1867,,-5.456,,-6.6859,,-1.714,,-8.5961,,-24.7939,,-85.5031,,,,,,,,,QC'd by SIGMA
74,24272131,15991062,Active,41,http://assay.nih.gov/htsws/rest/display/zika-ns2b-ns3-mCherry-counterscreen-72hr/NCGC00098433-01/238459782,,Cytotoxic,15.8489,55.152,41,Partial curve; partial efficacy,-4.8,3.0654,0.9749,-65.9223,-10.7703,-2.2,0 0 0 0 0 0 0,-64.6297,,,,,-6.1885,,-14.4485,,-10.435,,-11.0564,,-20.4557,,-38.0114,,-64.6297,,,,,,,,,QC'd by Sytravon
75,24406171,16027686,Active,41,http://assay.nih.gov/htsws/rest/display/zika-ns2b-ns3-mCherry-counterscreen_66hr/NCGC00130788-01/238459942,,Cytotoxic,22.3872,112.4164,41,Partial curve; high efficacy,-4.65,2.3332,0.9949,-122.0345,-9.6181,-2.1,0 0 0 0 0 0 0,-105.3838,,,,,,-12.3207,,-10.0725,,-10.6937,,-14.0955,,-26.6677,,-74.9445,,,-105.3838,,,,,,,QC'd by Sytravon
76,363677960,10094345,Active,41,http://assay.nih.gov/htsws/rest/display/zika-ns2b-ns3-mCherry-counterscreen_66hr/NCGC00370963-01/238460037,,Cytotoxic,25.1189,103.3718,41,Partial curve; high efficacy,-4.6,2.2526,0.9391,-132.3338,-28.9621,-2.1,0 0 0 0 0 0 0,-109.7295,,,,,,-20.8992,,-34.1061,,-40.007,,-31.2259,,-35.3354,,-88.5494,,,-109.7295,,,,,,,QC'd by Tocris
77,363677982,9803242,Active,41,http://assay.nih.gov/htsws/rest/display/zika-ns2b-ns3-mCherry-counterscreen_66hr/NCGC00370994-02/238460040,,Cytotoxic,22.3872,104.6504,41,Partial curve; high efficacy,-4.65,3.0654,0.993,-108.6381,-3.9877,-2.1,0 0 0 0 0 0 0,-100.0351,,,,,,-4.5311,,-6.0766,,-7.0249,,-5.0931,,-11.1697,,-64.0674,,,-100.0351,,,,,,,QC'd by Tocris
78,363678298,56599306,Active,41,http://assay.nih.gov/htsws/rest/display/zika-ns2b-ns3-mCherry-counterscreen_66hr/NCGC00378973-02/238459943,,Cytotoxic,22.3872,103.8554,41,Partial curve; high efficacy,-4.65,2.2526,0.9887,-122.8334,-18.978,-2.1,0 0 0 0 0 0 0,-106.6262,,,,,,-17.0833,,-16.1958,,-23.177,,-29.2117,,-34.8321,,-78.7901,,,-106.6262,,,,,,,QC'd by ChemieTek
79,363679153,24748204,Active,41,http://assay.nih.gov/htsws/rest/display/zika-ns2b-ns3-mCherry-counterscreen_66hr/NCGC00381554-06/238460010,,Cytotoxic,17.7828,102.2719,41,Partial curve; high efficacy,-4.75,1.1762,0.9423,-119.0053,-16.7334,-2.1,0 0 0 0 0 0 0,-104.3906,,,,,,-17.5623,,-28.4861,,-36.3892,,-40.6744,,-46.0133,,-76.2206,,,-104.3906,,,,,,,QC'd by Glixx
80,363679702,10455173,Active,41,http://assay.nih.gov/htsws/rest/display/zika-ns2b-ns3-mCherry-counterscreen_66hr/NCGC00385362-01/238459870,,Cytotoxic,14.1254,47.5751,41,Partial curve; partial efficacy,-4.85,3.5117,0.9364,-60.5568,-12.9818,-2.2,0 0 0 0 0 0 0,-63.08,,,,-12.0816,,-12.0241,,-13.9491,,-15.2995,,-17.3107,,-24.1776,,-63.08,,,,,,,,,,QC'd by Analyticon
81,363680520,46854655,Active,41,http://assay.nih.gov/htsws/rest/display/zika-ns2b-ns3-mCherry-counterscreen-72hr/NCGC00386948-01/238459998,,Cytotoxic,25.1189,99.5849,41,Partial curve; high efficacy,-4.6,2.2526,0.9732,-109.457,-9.8721,-2.1,0 0 0 0 0 0 0,-82.922,,,,,-7.7999,,-13.2374,,-9.9908,,-12.1816,,-16.2729,,-33.0606,,-82.922,,,,,,,,,QC'd by Axon Medchem
82,363681325,5312120,Active,41,http://assay.nih.gov/htsws/rest/display/zika-ns2b-ns3-mCherry-counterscreen-72hr/NCGC00485412-01/238459857,,Cytotoxic,15.8489,88.22,41,Partial curve; high efficacy,-4.8,3.0654,0.9656,-96.0502,-7.8302,-2.1,0 0 0 0 0 0 0,-100.0523,,,,,-7.183,,-9.3811,,-10.8465,,-6.3718,,-19.6651,,-45.9375,,-100.0523,,,,,,,,,QC'd by SIGMA
83,387065734,2540,Active,41,http://assay.nih.gov/htsws/rest/display/zika-ns2b-ns3-mCherry-counterscreen-72hr/NCGC00095123-05/238459877,,Cytotoxic,15.8489,86.1842,41,Partial curve; high efficacy,-4.8,3.132,0.9718,-95.372,-9.1878,-2.1,0 0 0 0 0 0 0,-99.3458,,,,,-10.1138,,-10.3755,,-4.7756,,-12.4951,,-20.0837,,-49.5486,,-99.3458,,,,,,,,,QC'd by Microsource
84,387065735,6857794,Active,41,http://assay.nih.gov/htsws/rest/display/zika-ns2b-ns3-mCherry-counterscreen-72hr/NCGC00095508-03/238460019,,Cytotoxic,15.8489,62.4576,41,Partial curve; partial efficacy,-4.8,3.5117,0.9803,-72.1552,-9.6976,-2.2,0 0 0 0 0 0 0,-75.1617,,,,,-12.8679,,-7.7735,,-8.275,,-11.2314,,-15.1907,,-41.9031,,-75.1617,,,,,,,,,QC'd by Microsource
85,104219750,9969021,Active,40,http://assay.nih.gov/htsws/rest/display/zika-ns2b-ns3-mCherry-counterscreen_66hr/NCGC00165768-02/238459809,,Cytotoxic,31.6228,123.4283,40,Partial curve; high efficacy,-4.5,2.2481,0.9974,-134.0734,-10.6451,-2.1,0 0 0 0 0 0 0,-101.5708,,,,,,-10.7688,,-8.171,,-10.6177,,-13.9103,,-26.6878,,-55.0823,,,-101.5708,,,,,,,QC'd by NCGCChem
86,124893556,456389,Active,40,http://assay.nih.gov/htsws/rest/display/zika-ns2b-ns3-mCherry-counterscreen-72hr/NCGC00168785-02/238459780,,Cytotoxic,25.1189,79.8677,40,Partial curve; partial efficacy,-4.6,2.4064,0.9543,-88.6608,-8.7931,-2.2,0 0 0 0 0 0 0,-67.1673,,,,,-10.0466,,-10.1761,,-11.6261,,-6.8876,,-14.6038,,-21.6468,,-67.1673,,,,,,,,,QC'd by SIGMA
87,170466553,2750,Active,40,http://assay.nih.gov/htsws/rest/display/zika-ns2b-ns3-mCherry-counterscreen_66hr/NCGC00025104-09/238459917,,Cytotoxic,31.6228,84.629,40,Partial curve; partial efficacy,-4.5,2.8473,0.9925,-94.5201,-9.8911,-2.2,0 0 0 0 0 0 0,-75.7728,,,,,,-7.5581,,-8.6526,,-12.439,,-9.6288,,-18.444,,-35.6012,,,-75.7728,,,,,,,QC'd by Tocris
88,174007053,5717,Active,40,http://assay.nih.gov/htsws/rest/display/zika-ns2b-ns3-mCherry-counterscreen_66hr/NCGC00164547-06/238459874,,Cytotoxic,35.4813,103.6598,40,Partial curve; high efficacy,-4.45,4.095,0.9925,-118.4412,-14.7814,-2.1,0 0 0 0 0 0 0,-96.2936,,,,,,-11.0473,,-14.6674,,-14.5238,,-15.3857,,-21.1895,,-32.2798,,,-96.2936,,,,,,,QC'd by Sequoia
89,174007365,24798764,Active,40,http://assay.nih.gov/htsws/rest/display/zika-ns2b-ns3-mCherry-counterscreen_66hr/NCGC00346532-01/238459939,,Cytotoxic,25.1189,85.6408,40,Partial curve; high efficacy,-4.6,3.132,0.9932,-93.2361,-7.5953,-2.1,0 0 0 0 0 0 0,-83.9965,,,,,,-9.9837,,-10.6049,,-7.9426,,-6.996,,-11.4036,,-48.41,,,-83.9965,,,,,,,QC'd by Selleck
90,24272720,1340935,Active,40,http://assay.nih.gov/htsws/rest/display/zika-ns2b-ns3-mCherry-counterscreen_66hr/NCGC00099022-01/238459759,,Cytotoxic,35.4813,69.8664,40,Partial curve; partial efficacy,-4.45,2.9023,0.9836,-82.6013,-12.7349,-2.2,0 0 0 0 0 0 0,-63.3343,,,,,,-9.9104,,-11.4996,,-13.2043,,-13.6666,,-20.0809,,-27.8532,,,-63.3343,,,,,,,QC'd by Sytravon
91,24273237,1317402,Active,40,http://assay.nih.gov/htsws/rest/display/zika-ns2b-ns3-mCherry-counterscreen_66hr/NCGC00099539-01/238459786,,Cytotoxic,31.6228,114.3054,40,Partial curve; high efficacy,-4.5,3.1925,0.9978,-126.9381,-12.6326,-2.1,0 0 0 0 0 0 0,-104.2184,,,,,,-9.7371,,-12.6264,,-13.2043,,-13.7821,,-20.2254,,-46.2294,,,-104.2184,,,,,,,QC'd by Sytravon
92,24273539,1334565,Active,40,http://assay.nih.gov/htsws/rest/display/zika-ns2b-ns3-mCherry-counterscreen_66hr/NCGC00099841-01/238459919,,Cytotoxic,31.6228,123.3686,40,Partial curve; high efficacy,-4.5,2.8473,0.9969,-133.0818,-9.7132,-2.1,0 0 0 0 0 0 0,-105.6205,,,,,,-7.4101,,-7.8539,,-13.4448,,-11.2557,,-18.6215,,-48.4987,,,-105.6205,,,,,,,QC'd by Sytravon
93,24274101,1261975,Active,40,http://assay.nih.gov/htsws/rest/display/zika-ns2b-ns3-mCherry-counterscreen-72hr/NCGC00100403-01/238459760,,Cytotoxic,25.1189,77.7885,40,Partial curve; partial efficacy,-4.6,1.7891,0.9333,-83.0554,-5.267,-2.2,0 0 0 0 0 0 0,-62.9208,,,,,-4.9974,,-3.159,,-9.3475,,-8.493,,-14.2413,,-22.0611,,-62.9208,,,,,,,,,QC'd by Sytravon
94,24274185,9541527,Active,40,http://assay.nih.gov/htsws/rest/display/zika-ns2b-ns3-mCherry-counterscreen_66hr/NCGC00100487-01/238459867,,Cytotoxic,35.4813,122.9977,40,Partial curve; high efficacy,-4.45,3.1925,0.9928,-136.8742,-13.8765,-2.1,0 0 0 0 0 0 0,-104.1661,,,,,,-8.1454,,-14.2365,,-14.5238,,-15.5006,,-21.6205,,-42.0773,,,-104.1661,,,,,,,QC'd by Sytravon
95,24276242,4332434,Active,40,http://assay.nih.gov/htsws/rest/display/zika-ns2b-ns3-mCherry-counterscreen_66hr/NCGC00102544-01/238459912,,Cytotoxic,28.1838,68.4561,40,Partial curve; partial efficacy,-4.55,2.3332,0.9745,-76.9573,-8.5012,-2.2,0 0 0 0 0 0 0,-60.9525,,,,,,-5.369,,-6.5523,,-12.1432,,-14.0068,,-12.6165,,-39.8314,,,-60.9525,,,,,,,QC'd by Sytravon
96,24405877,16027392,Active,40,http://assay.nih.gov/htsws/rest/display/zika-ns2b-ns3-mCherry-counterscreen_66hr/NCGC00130494-01/238459931,,Cytotoxic,28.1838,111.5754,40,Partial curve; high efficacy,-4.55,1.5334,0.9728,-129.3057,-17.7304,-2.1,0 0 0 0 0 0 0,-97.9589,,,,,,-11.7586,,-17.527,,-31.2824,,-25.4252,,-42.2571,,-66.4842,,,-97.9589,,,,,,,QC'd by Sytravon
97,26747319,3598,Active,40,http://assay.nih.gov/htsws/rest/display/zika-ns2b-ns3-mCherry-counterscreen_66hr/NCGC00091195-02/238460020,,Cytotoxic,31.6228,112.4817,40,Partial curve; high efficacy,-4.5,2.1876,0.9945,-122.4025,-9.9208,-2.1,0 0 0 0 0 0 0,-92.7292,,,,,,-9.1324,,-6.4981,,-10.6428,,-14.1553,,-25.5005,,-48.4018,,,-92.7292,,,,,,,QC'd by Microsource
98,363677226,6450819,Active,40,http://assay.nih.gov/htsws/rest/display/zika-ns2b-ns3-mCherry-counterscreen_66hr/NCGC00263142-04/238459863,,Cytotoxic,28.1838,117.6632,40,Partial curve; high efficacy,-4.55,1.5334,0.9858,-127.2214,-9.5582,-2.1,0 0 0 0 0 0 0,-96.3798,,,,,,-4.9275,,-11.507,,-16.9947,,-19.7529,,-36.6183,,-56.874,,,-96.3798,,,,,,,QC'd by Glixx
99,363678337,60923,Active,40,http://assay.nih.gov/htsws/rest/display/zika-ns2b-ns3-mCherry-counterscreen_66hr/NCGC00379068-01/238459908,,Cytotoxic,35.4813,122.6714,40,Partial curve; high efficacy,-4.45,3.132,0.974,-133.6545,-10.9831,-2.1,0 0 0 0 0 0 0,-101.7157,,,,,,-3.9195,,-6.6114,,-14.0068,,-14.6576,,-23.7983,,-35.8971,,,-101.7157,,,,,,,QC'd by MedChem Express
100,363678404,66552906,Active,40,http://assay.nih.gov/htsws/rest/display/zika-ns2b-ns3-mCherry-counterscreen_66hr/NCGC00379183-01/238459774,,Cytotoxic,35.4813,99.7335,40,Partial curve; high efficacy,-4.45,4.5045,0.9901,-111.3667,-11.6332,-2.1,0 0 0 0 0 0 0,-92.8055,,,,,,-11.644,,-8.9569,,-9.6504,,-9.0147,,-18.434,,-27.9688,,,-92.8055,,,,,,,QC'd by Tocris
101,363680462,53364510,Active,40,http://assay.nih.gov/htsws/rest/display/zika-ns2b-ns3-mCherry-counterscreen_66hr/NCGC00386845-01/238459813,,Cytotoxic,35.4813,76.2336,40,Partial curve; partial efficacy,-4.45,2.5334,0.9852,-91.6883,-15.4547,-2.2,0 0 0 0 0 0 0,-69.4608,,,,,,-11.826,,-14.0613,,-16.2966,,-18.2903,,-23.939,,-35.4478,,,-69.4608,,,,,,,QC'd by Evotec
102,363680638,49783953,Active,40,http://assay.nih.gov/htsws/rest/display/zika-ns2b-ns3-mCherry-counterscreen-72hr/NCGC00387486-01/238460017,,Cytotoxic,25.1189,76.3328,40,Partial curve; partial efficacy,-4.6,2.2526,0.9704,-87.2973,-10.9645,-2.2,0 0 0 0 0 0 0,-66.1344,,,,,-9.7268,,-9.4101,,-11.9176,,-13.7653,,-17.7775,,-26.6728,,-66.1344,,,,,,,,,QC'd by Tocris
103,363680662,16760291,Active,40,http://assay.nih.gov/htsws/rest/display/zika-ns2b-ns3-mCherry-counterscreen_66hr/NCGC00387775-03/238460004,,Cytotoxic,31.6228,114.9607,40,Partial curve; high efficacy,-4.5,1.9673,0.9729,-121.2898,-6.3291,-2.1,0 0 0 0 0 0 0,-91.8862,,,,,,1.405,,-5.7956,,-12.9259,,-15.5251,,-22.5149,,-44.3976,,,-91.8862,,,,,,,QC'd by Bio Vision
104,363680757,75299874,Active,40,http://assay.nih.gov/htsws/rest/display/zika-ns2b-ns3-mCherry-counterscreen_66hr/NCGC00389274-02/238459992,,Cytotoxic,35.4813,116.957,40,Partial curve; high efficacy,-4.45,4.095,0.9836,-131.4012,-14.4442,-2.1,0 0 0 0 0 0 0,-106.3116,,,,,,-10.2846,,-10.9608,,-11.5807,,-18.4277,,-23.7813,,-33.9532,,,-106.3116,,,,,,,QC'd by Bio Vision
105,363681022,73672447,Active,40,http://assay.nih.gov/htsws/rest/display/zika-ns2b-ns3-mCherry-counterscreen_66hr/NCGC00402304-03/238459971,,Cytotoxic,35.4813,107.0711,40,Partial curve; high efficacy,-4.45,4.5045,0.9964,-120.6762,-13.6051,-2.1,0 0 0 0 0 0 0,-100.5635,,,,,,-12.3697,,-11.9189,,-11.8625,,-14.3984,,-18.1741,,-29.4167,,,-100.5635,,,,,,,QC'd by Glixx
106,363681043,16656440,Active,40,http://assay.nih.gov/htsws/rest/display/zika-ns2b-ns3-mCherry-counterscreen_66hr/NCGC00402365-02/238459960,,Cytotoxic,31.6228,116.6717,40,Partial curve; high efficacy,-4.5,2.5884,0.9963,-131.9151,-15.2434,-2.1,0 0 0 0 0 0 0,-104.1984,,,,,,-15.4691,,-12.5669,,-17.8642,,-16.4272,,-26.7117,,-52.4091,,,-104.1984,,,,,,,QC'd by Glixx
107,363681317,6438389,Active,40,http://assay.nih.gov/htsws/rest/display/zika-ns2b-ns3-mCherry-counterscreen_66hr/NCGC00485404-01/238460060,,Cytotoxic,35.4813,131.044,40,Partial curve; high efficacy,-4.45,2.9023,0.9897,-143.4037,-12.3598,-2.1,0 0 0 0 0 0 0,-108.6392,,,,,,-7.7783,,-11.9468,,-11.4333,,-14.1821,,-24.815,,-43.2412,,,-108.6392,,,,,,,QC'd by SIGMA
108,387065780,441371,Active,40,http://assay.nih.gov/htsws/rest/display/zika-ns2b-ns3-mCherry-counterscreen_66hr/NCGC00180881-02/238460034,,Cytotoxic,35.4813,112.7309,40,Partial curve; high efficacy,-4.45,3.6772,0.9921,-121.3087,-8.5778,-2.1,0 0 0 0 0 0 0,-96.2768,,,,,,-5.4092,,-5.5146,,-6.9547,,-10.0808,,-15.7359,,-31.1205,,,-96.2768,,,,,,,QC'd by Microsource
109,387065790,3378440,Active,40,http://assay.nih.gov/htsws/rest/display/zika-ns2b-ns3-mCherry-counterscreen_66hr/NCGC00258279-02/238459772,,Cytotoxic,39.8107,86.8506,40,Partial curve; high efficacy,-4.4,2.0437,0.9668,-91.2725,-4.4218,-2.1,0 0 0 0 0 0 0,-80.0636,,,,,,,,-6.0965,,-7.7723,,-6.1254,,-2.1959,,-36.0878,,,-53.1638,,-80.0636,,,,,QC'd by SIGMA
110,387065810,53239854,Active,40,http://assay.nih.gov/htsws/rest/display/zika-ns2b-ns3-mCherry-counterscreen_66hr/NCGC00347955-07/238459901,,Cytotoxic,35.4813,87.0489,40,Partial curve; partial efficacy,-4.45,4.095,0.992,-104.9677,-17.9188,-2.2,0 0 0 0 0 0 0,-87.4731,,,,,,-15.1559,,-16.5924,,-16.4488,,-20.7298,,-22.4537,,-33.7164,,,-87.4731,,,,,,,QC'd by NCGCChem
111,387065811,15551229,Active,40,http://assay.nih.gov/htsws/rest/display/zika-ns2b-ns3-mCherry-counterscreen_66hr/NCGC00370854-01/238459842,,Cytotoxic,31.6228,105.9833,40,Partial curve; high efficacy,-4.5,3.6272,0.9978,-116.2521,-10.2688,-2.1,0 0 0 0 0 0 0,-97.8553,,,,,,-11.3427,,-11.8864,,-9.5303,,-10.7688,,-10.3761,,-40.6132,,,-97.8553,,,,,,,QC'd by Tocris
112,50126316,4887,Active,40,http://assay.nih.gov/htsws/rest/display/zika-ns2b-ns3-mCherry-counterscreen_66hr/NCGC00181765-01/238460005,,Cytotoxic,35.4813,125.4942,40,Partial curve; high efficacy,-4.45,3.6772,0.9612,-134.3646,-8.8704,-2.1,0 0 0 0 0 0 0,-106.6386,,,,,,-6.1819,,-5.3038,,-4.8472,,-5.3741,,-27.2216,,-30.8044,,,-106.6386,,,,,,,QC'd by ACC
113,90341268,1697,Active,40,http://assay.nih.gov/htsws/rest/display/zika-ns2b-ns3-mCherry-counterscreen_66hr/NCGC00093700-05/238459850,,Cytotoxic,31.6228,123.7343,40,Partial curve; high efficacy,-4.5,1.9673,0.9698,-138.6588,-14.9245,-2.1,0 0 0 0 0 0 0,-105.0446,,,,,,-8.5637,,-13.2457,,-19.7704,,-27.4732,,-34.0885,,-53.4511,,,-105.0446,,,,,,,QC'd by SigmaAldrich
114,90341565,128355,Active,40,http://assay.nih.gov/htsws/rest/display/zika-ns2b-ns3-mCherry-counterscreen_66hr/NCGC00015965-05/238460008,,Cytotoxic,31.6228,78.3713,40,Partial curve; partial efficacy,-4.5,1.9887,0.9908,-87.1191,-8.7478,-2.2,0 0 0 0 0 0 0,-65.9993,,,,,,-6.4981,,-8.0084,,-10.2564,,-15.0685,,-18.8268,,-36.5648,,,-65.9993,,,,,,,QC'd by SigmaAldrich
115,24273416,3427055,Inconclusive,22,http://assay.nih.gov/htsws/rest/display/zika-ns2b-ns3-mCherry-counterscreen-72hr/NCGC00099718-01/238459792,,Cytotoxic,6.3096,51.4555,22,Complete curve; partial efficacy,-5.2,1.4786,0.9464,-55.8457,-4.3902,-1.2,0 0 0 0 0 0 0,-51.3982,,,,,-7.4832,,-6.1367,,-11.9886,,-18.5655,,-42.2838,,-39.4614,,-51.3982,,,,,,,,,QC'd by Sytravon
116,24274804,3858365,Inconclusive,22,http://assay.nih.gov/htsws/rest/display/zika-ns2b-ns3-mCherry-counterscreen_66hr/NCGC00101106-01/238459896,,Cytotoxic,7.9433,49.9345,22,Complete curve; partial efficacy,-5.1,1.2673,0.9939,-59.5185,-9.584,-1.2,0 0 0 0 0 0 0,-54.7766,,,,,,-12.57,,-13.2883,,-22.8846,,-28.6884,,-42.0773,,-50.0072,,,-54.7766,,,,,,,QC'd by Sytravon
117,24413823,135418778,Inconclusive,22,http://assay.nih.gov/htsws/rest/display/zika-ns2b-ns3-mCherry-counterscreen-72hr/NCGC00138440-01/238459902,,Cytotoxic,3.1623,44.4275,22,Complete curve; partial efficacy,-5.5,1.4786,0.9867,-47.6707,-3.2432,-1.2,0 0 0 0 0 0 0,-47.9567,,,,,-6.9128,,-9.3826,,-17.0719,,-32.7307,,-36.7537,,-43.0426,,-47.9567,,,,,,,,,QC'd by Sytravon
118,387065774,54675777,Inconclusive,22,http://assay.nih.gov/htsws/rest/display/zika-ns2b-ns3-mCherry-counterscreen_66hr/NCGC00178862-04/238459953,,Cytotoxic,6.3096,41.1119,22,Complete curve; partial efficacy,-5.2,1.8508,0.9643,-50.932,-9.8201,-1.2,0 0 0 0 0 0 0,-45.6467,,,,,,-10.031,,-14.3139,,-16.4553,,-30.262,,-38.7151,,-52.86,,,-45.6467,,,,,,,QC'd by Microsource
119,144206779,5468154,Inconclusive,21,http://assay.nih.gov/htsws/rest/display/zika-ns2b-ns3-mCherry-counterscreen-72hr/NCGC00185782-01/238459893,,Cytotoxic,15.8489,37.5347,21,Partial curve; partial efficacy,-4.8,2.7202,0.9462,-44.6777,-7.143,-2.2,0 0 0 0 0 0 0,-46.5393,,,,,-7.7587,,-5.927,,-6.084,,-10.4802,,-12.7044,,-22.4127,,-46.5393,,,,,,,,,QC'd by NCI
120,174007109,5339,Inconclusive,21,http://assay.nih.gov/htsws/rest/display/zika-ns2b-ns3-mCherry-counterscreen_66hr/NCGC00090903-09/238459775,,Cytotoxic,22.3872,56.9338,21,Partial curve; partial efficacy,-4.65,2.7202,0.9804,-67.0329,-10.0991,-2.2,0 0 0 0 0 0 0,-59.1159,,,,,,-11.7018,,-11.3262,,-10.9506,,-10.1705,,-14.8801,,-46.3161,,,-59.1159,,,,,,,QC'd by Microsource
121,24273422,9541634,Inconclusive,21,http://assay.nih.gov/htsws/rest/display/zika-ns2b-ns3-mCherry-counterscreen_66hr/NCGC00099724-01/238459785,,Cytotoxic,4.4668,23.3379,21,Complete curve; partial efficacy,-5.35,1.0693,0.9453,-32.767,-9.4291,-1.2,0 0 0 0 0 0 0,-29.9047,,,,,,-12.8576,,-17.4805,,-16.0936,,-23.1436,,-28.1422,,-30.2225,,,-29.9047,,,,,,,QC'd by Sytravon
122,24273495,1160898,Inconclusive,21,http://assay.nih.gov/htsws/rest/display/zika-ns2b-ns3-mCherry-counterscreen-72hr/NCGC00099797-01/238459793,,Cytotoxic,12.5893,35.9658,21,Partial curve; partial efficacy,-4.9,1.3905,0.9301,-41.6209,-5.6551,-2.2,0 0 0 0 0 0 0,-36.5096,,,,,-4.7126,,-6.7064,,-12.5583,,-9.5028,,-20.6629,,-22.812,,-36.5096,,,,,,,,,QC'd by Sytravon
123,24273754,1388229,Inconclusive,21,http://assay.nih.gov/htsws/rest/display/zika-ns2b-ns3-mCherry-counterscreen_66hr/NCGC00100056-01/238459988,,Cytotoxic,6.3096,27.7261,21,Complete curve; partial efficacy,-5.2,1.07,0.9954,-33.9713,-6.2451,-1.2,0 0 0 0 0 0 0,-31.6427,,,,,,-8.5376,,-10.6509,,-16.0327,,-19.4985,,-24.3449,,-28.5433,,,-31.6427,,,,,,,QC'd by Sytravon
124,24405967,16027482,Inconclusive,21,http://assay.nih.gov/htsws/rest/display/zika-ns2b-ns3-mCherry-counterscreen-72hr/NCGC00130584-01/238459778,,Cytotoxic,8.9125,33.5673,21,Complete curve; partial efficacy,-5.05,3.5117,0.9853,-37.392,-3.8247,-1.2,0 0 0 0 0 0 0,-38.0632,,,,,-3.0295,,-5.4376,,-6.318,,-2.7706,,-18.4102,,-33.1434,,-38.0632,,,,,,,,,QC'd by Sytravon
125,26749241,5004,Inconclusive,21,http://assay.nih.gov/htsws/rest/display/zika-ns2b-ns3-mCherry-counterscreen-72hr/NCGC00095268-01/238459899,,Cytotoxic,10,41.4006,21,Complete curve; partial efficacy,-5,2.7202,0.9775,-47.6829,-6.2823,-1.2,0 0 0 0 0 0 0,-45.1524,,,,,-10.8465,,-6.1102,,-2.97,,-8.8316,,-22.4127,,-39.5787,,-45.1524,,,,,,,,,QC'd by Microsource
126,26749737,135536164,Inconclusive,21,http://assay.nih.gov/htsws/rest/display/zika-ns2b-ns3-mCherry-counterscreen_66hr/NCGC00095721-01/238459975,,Cytotoxic,14.1254,36.0135,21,Complete curve; partial efficacy,-4.85,2.4729,0.9962,-53.6585,-17.645,-1.2,0 0 0 0 0 0 0,-51.5356,,,,,,-16.3708,,-18.9631,,-18.8786,,-22.0062,,-31.5864,,-46.8864,,,-51.5356,,,,,,,QC'd by Microsource
127,363676857,9875131,Inconclusive,21,http://assay.nih.gov/htsws/rest/display/zika-ns2b-ns3-mCherry-counterscreen-72hr/NCGC00169660-02/238459887,,Cytotoxic,12.5893,50.7491,21,Partial curve; partial efficacy,-4.9,3.99,0.9745,-57.1323,-6.3832,-2.2,0 0 0 0 0 0 0,-56.012,,,-6.3457,,,-7.183,,-4.8018,,-8.8054,,-10.2185,,-19.9791,,-56.012,,,,,,,,,,QC'd by Analyticon
128,363677750,1987175,Inconclusive,21,http://assay.nih.gov/htsws/rest/display/zika-ns2b-ns3-mCherry-counterscreen_66hr/NCGC00351476-01/238459963,,Cytotoxic,15.8489,41.5013,21,Partial curve; partial efficacy,-4.8,1.3905,0.9934,-56.3736,-14.8724,-2.2,0 0 0 0 0 0 0,-49.4505,,,,,,-14.0603,,-17.4134,,-17.8078,,-25.2465,,-31.1919,,-41.7582,,,-49.4505,,,,,,,QC'd by Emory
129,363677940,16195554,Inconclusive,21,http://assay.nih.gov/htsws/rest/display/zika-ns2b-ns3-mCherry-counterscreen-72hr/NCGC00370928-02/238459859,,Cytotoxic,12.5893,49.5159,21,Partial curve; partial efficacy,-4.9,1.5936,0.9864,-56.1871,-6.6712,-2.2,0 0 0 0 0 0 0,-49.2869,,,,,-6.2148,,-5.2205,,-12.6783,,-13.2016,,-23.0145,,-36.1246,,-49.2869,,,,,,,,,QC'd by Selleck
130,363678023,44402523,Inconclusive,21,http://assay.nih.gov/htsws/rest/display/zika-ns2b-ns3-mCherry-counterscreen_66hr/NCGC00371087-01/238460035,,Cytotoxic,12.5893,31.9763,21,Complete curve; partial efficacy,-4.9,3.132,0.9745,-36.421,-4.4447,-1.2,0 0 0 0 0 0 0,-34.1412,,,,,,-6.1117,,-5.339,,-2.0372,,-7.7274,,-17.2111,,-36.0379,,,-34.1412,,,,,,,QC'd by Tocris
131,363678285,53387035,Inconclusive,21,http://assay.nih.gov/htsws/rest/display/zika-ns2b-ns3-mCherry-counterscreen_66hr/NCGC00378933-01/238460033,,Cytotoxic,8.9125,37.768,21,Complete curve; partial efficacy,-5.05,4.9549,0.9668,-43.5221,-5.7541,-1.2,0 0 0 0 0 0 0,-38.2508,,,,,,-6.5332,,-7.6221,,-6.4278,,-6.6034,,-39.2694,,-47.2427,,,-38.2508,,,,,,,QC'd by MedChem Express
132,363680882,9958543,Inconclusive,21,http://assay.nih.gov/htsws/rest/display/zika-ns2b-ns3-mCherry-counterscreen-72hr/NCGC00390369-01/238459996,,Cytotoxic,22.3872,70.1179,21,Partial curve; partial efficacy,-4.65,2.2526,0.9749,-75.176,-5.0581,-2.2,0 0 0 0 0 0 0,-56.9515,,,,,-4.8754,,-6.2684,,-6.9649,,-9.7241,,-8.3043,,-23.52,,-56.9515,,,,,,,,,QC'd by Bio Vision
133,387065714,2794,Inconclusive,21,http://assay.nih.gov/htsws/rest/display/zika-ns2b-ns3-mCherry-counterscreen_66hr/NCGC00016600-09/238459834,,Cytotoxic,8.9125,39.8921,21,Complete curve; partial efficacy,-5.05,2.3332,0.9933,-47.5793,-7.6872,-1.2,0 0 0 0 0 0 0,-45.8994,,,,,,-8.9866,,-5.543,,-11.6448,,-18.8038,,-35.4176,,-44.4797,,,-45.8994,,,,,,,QC'd by Selleck
134,387065746,16010243,Inconclusive,21,http://assay.nih.gov/htsws/rest/display/zika-ns2b-ns3-mCherry-counterscreen_66hr/NCGC00112178-02/238459847,,Cytotoxic,15.8489,33.8899,21,Complete curve; partial efficacy,-4.8,3.5117,0.9646,-46.1087,-12.2188,-1.2,0 0 0 0 0 0 0,-45.2047,,,,,,-17.233,,-9.349,,-10.2552,,-13.578,,-20.2235,,-42.7579,,,-45.2047,,,,,,,QC'd by Chemdiv
135,387065781,54682932,Inconclusive,21,http://assay.nih.gov/htsws/rest/display/zika-ns2b-ns3-mCherry-counterscreen_66hr/NCGC00180954-03/238459900,,Cytotoxic,15.8489,33.7485,21,Complete curve; partial efficacy,-4.8,3.0654,0.9852,-47.2982,-13.5497,-1.2,0 0 0 0 0 0 0,-44.7206,,,,,,-15.6156,,-11.7081,,-13.0297,,-16.7361,,-23.2294,,-42.106,,,-44.7206,,,,,,,QC'd by Prestwick Chemical; Inc.
136,387065813,46240292,Inconclusive,21,http://assay.nih.gov/htsws/rest/display/zika-ns2b-ns3-mCherry-counterscreen_66hr/NCGC00378914-02/238459835,,Cytotoxic,19.9526,41.5165,21,Partial curve; partial efficacy,-4.7,2.2526,0.9753,-59.8561,-18.3396,-2.2,0 0 0 0 0 0 0,-53.3001,,,,,,-20.9787,,-18.1997,,-18.7434,,-20.6766,,-25.691,,-47.3795,,,-53.3001,,,,,,,QC'd by MedChem Express
137,124880876,4477,Inconclusive,20,http://assay.nih.gov/htsws/rest/display/zika-ns2b-ns3-mCherry-counterscreen-72hr/NCGC00015735-05/238460023,,Cytotoxic,1.9953,50.5845,20,Complete curve; partial efficacy; poor fit,-5.7,1.177,0.8533,-57.6029,-7.0184,-1.4,0 0 0 0 0 0 0,-51.9071,,,,,-13.7653,,-18.7541,,-41.164,,-38.023,,-42.7214,,-63.5212,,-51.9071,,,,,,,,,QC'd by Microsource
138,124882295,5280445,Inconclusive,20,http://assay.nih.gov/htsws/rest/display/zika-ns2b-ns3-mCherry-counterscreen_66hr/NCGC00016467-05/238460029,,Cytotoxic,35.4813,40.1191,20,Single point of activity,-4.45,4.9549,0.9643,-42.667,-2.5479,-3,0 0 0 0 0 0 0,-36.3892,,,,,,-4.0042,,-6.0766,,-4.8472,,-0.4566,,-0.6674,,-5.7253,,,-36.3892,,,,,,,QC'd by Chemdiv
139,124882529,446541,Inconclusive,20,http://assay.nih.gov/htsws/rest/display/zika-ns2b-ns3-mCherry-counterscreen_66hr/NCGC00016786-09/238459983,,Cytotoxic,3.5481,19.5845,20,Complete curve; partial efficacy; poor fit,-5.45,1.0693,0.9413,-27.9742,-8.3897,-1.4,0 0 0 0 0 0 0,-26.3173,,,,,,-11.1581,,-14.483,,-17.2161,,-22.3161,,-21.3581,,-27.8952,,,-26.3173,,,,,,,QC'd by UPCMLD
140,124896565,4115461,Inconclusive,20,http://assay.nih.gov/htsws/rest/display/zika-ns2b-ns3-mCherry-counterscreen_66hr/NCGC00184863-01/238459892,,Cytotoxic,25.1189,24.6349,20,Partial curve; partial efficacy; poor fit,-4.6,1.222,0.9775,-33.9782,-9.3433,-2.4,0 0 0 0 0 0 0,-26.6485,,,,,,-9.0361,,-11.7656,,-9.9267,,-13.748,,-16.3051,,-20.7872,,,-26.6485,,,,,,,QC'd by Tocris
141,144205158,11313,Inconclusive,20,http://assay.nih.gov/htsws/rest/display/zika-ns2b-ns3-mCherry-counterscreen-72hr/NCGC00159364-02/238459940,,Cytotoxic,7.0795,17.9545,20,Complete curve; partial efficacy; poor fit,-5.15,1.07,0.9052,-24.9137,-6.9593,-1.4,0 0 0 0 0 0 0,-20.662,,,,,-6.6327,,-11.2158,,-10.6047,,-13.2272,,-14.7549,,-22.0115,,-20.662,,,,,,,,,QC'd by Molecular Diversity
142,144205833,13506,Inconclusive,20,http://assay.nih.gov/htsws/rest/display/zika-ns2b-ns3-mCherry-counterscreen-72hr/NCGC00165983-01/238460074,,Cytotoxic,35.4813,24.8944,20,Partial curve; partial efficacy; poor fit,-4.45,4.095,0.9803,-34.7597,-9.8653,-2.4,0 0 0 0 0 0 0,-29.3831,,,,,,-8.2211,,-11.6327,,-9.9654,,-10.4784,,-10.2732,,-14.1208,,,-29.3831,,,,,,,QC'd by FLUKA
143,144206134,122077,Inconclusive,20,http://assay.nih.gov/htsws/rest/display/zika-ns2b-ns3-mCherry-counterscreen_66hr/NCGC00167729-01/238459821,,Cytotoxic,0.3548,95.8013,20,Complete curve; high efficacy; poor fit,-6.45,1.2938,0.8551,-94.6575,1.1439,-1.3,0 0 0 0 0 0 0,-101.7822,,,,,,-68.6452,,-81.2415,,-92.1764,,-90.9077,,-91.1192,,-89.5484,,,-101.7822,,,,,,,QC'd by Tocris
144,144206227,5284572,Inconclusive,20,http://assay.nih.gov/htsws/rest/display/zika-ns2b-ns3-mCherry-counterscreen_66hr/NCGC00181024-01/238459994,,Cytotoxic,11.2202,23.8204,20,Complete curve; partial efficacy; poor fit,-4.95,3.9295,0.9795,-35.8648,-12.0444,-1.4,0 0 0 0 0 0 0,-33.7278,,,,,,-12.5106,,-10.4536,,-13.4404,,-14.9056,,-25.0493,,-36.9118,,,-33.7278,,,,,,,QC'd by SigmaAldrich
145,144206512,60751,Inconclusive,20,http://assay.nih.gov/htsws/rest/display/zika-ns2b-ns3-mCherry-counterscreen_66hr/NCGC00183280-01/238459979,,Cytotoxic,17.7828,102.3292,20,Complete curve; high efficacy; poor fit,-4.75,1.1762,0.7874,-125.5033,-23.1741,-1.3,0 0 0 0 0 0 0,-100.5635,,,,,,-15.7791,,-34.9112,,-55.8467,,-42.0964,,-40.1803,,-97.3514,,,-100.5635,,,,,,,QC'd by ACC
146,144206832,65870,Inconclusive,20,http://assay.nih.gov/htsws/rest/display/zika-ns2b-ns3-mCherry-counterscreen_66hr/NCGC00182996-01/238459836,,Cytotoxic,1.2589,30.1869,20,Complete curve; partial efficacy; poor fit,-5.9,3.0654,0.8477,-39.4828,-9.2959,-1.4,0 0 0 0 0 0 0,-39.3445,,,,,,-17.7466,,-25.9931,,-42.6371,,-43.1204,,-35.176,,-37.3509,,,-39.3445,,,,,,,QC'd by Pharmaron
147,170465230,23663996,Inconclusive,20,http://assay.nih.gov/htsws/rest/display/zika-ns2b-ns3-mCherry-counterscreen_66hr/NCGC00164568-04/238460016,,Cytotoxic,39.8107,31.647,20,Single point of activity,-4.4,4.9549,0.8491,-36.5437,-4.8967,-3,0 0 0 0 0 0 0,-30.4531,,,,,,-2.0021,,-5.9712,,-5.4443,,-4.9877,,-11.4506,,-1.5806,,,-30.4531,,,,,,,QC'd by Sequoia
148,170466361,6436135,Inconclusive,20,http://assay.nih.gov/htsws/rest/display/zika-ns2b-ns3-mCherry-counterscreen-72hr/NCGC00092300-02/238459882,,Cytotoxic,17.7828,24.6887,20,Partial curve; partial efficacy; poor fit,-4.75,1.7891,0.7753,-31.6344,-6.9457,-2.4,0 0 0 0 0 0 0,-31.362,,,,,-5.9793,,-4.1214,,-10.297,,-9.9568,,-14.353,,-11.4484,,-31.362,,,,,,,,,QC'd by Tocris
149,170466403,259331,Inconclusive,20,http://assay.nih.gov/htsws/rest/display/zika-ns2b-ns3-mCherry-counterscreen_66hr/NCGC00164581-02/238459880,,Cytotoxic,39.8107,27.134,20,Partial curve; partial efficacy; poor fit,-4.4,4.9549,0.9704,-39.977,-12.843,-2.4,0 0 0 0 0 0 0,-33.3142,,,,,,-13.3171,,-10.7025,,-11.823,,-14.9835,,-12.9723,,-14.8973,,,-33.3142,,,,,,,QC'd by Sequoia
150,24272642,15991112,Inconclusive,20,http://assay.nih.gov/htsws/rest/display/zika-ns2b-ns3-mCherry-counterscreen_66hr/NCGC00098944-01/238459906,,Cytotoxic,25.1189,35.8271,20,Partial curve; partial efficacy,-4.6,1.7529,0.9938,-44.4232,-8.5961,-2.2,0 0 0 0 0 0 0,-35.9266,,,,,,-9.5696,,-9.1555,,-8.8301,,-10.3091,,-17.7636,,-25.8098,,,-35.9266,,,,,,,QC'd by Sytravon
151,24273399,4303815,Inconclusive,20,http://assay.nih.gov/htsws/rest/display/zika-ns2b-ns3-mCherry-counterscreen-72hr/NCGC00099701-01/238459788,,Cytotoxic,7.9433,17.7985,20,Complete curve; partial efficacy; poor fit,-5.1,1.8508,0.9472,-24.8151,-7.0166,-1.4,0 0 0 0 0 0 0,-22.3459,,,,,-8.3118,,-6.6805,,-8.001,,-9.3216,,-18.6173,,-19.912,,-22.3459,,,,,,,,,QC'd by Sytravon
152,24273487,1160890,Inconclusive,20,http://assay.nih.gov/htsws/rest/display/zika-ns2b-ns3-mCherry-counterscreen-72hr/NCGC00099789-01/238459796,,Cytotoxic,15.8489,28.849,20,Partial curve; partial efficacy; poor fit,-4.8,1.1521,0.9424,-34.1906,-5.3415,-2.4,0 0 0 0 0 0 0,-26.8255,,,,,-4.8679,,-6.8876,,-8.3376,,-8.1305,,-17.245,,-17.5298,,-26.8255,,,,,,,,,QC'd by Sytravon
153,24273730,1388394,Inconclusive,20,http://assay.nih.gov/htsws/rest/display/zika-ns2b-ns3-mCherry-counterscreen_66hr/NCGC00100032-01/238459866,,Cytotoxic,14.1254,19.186,20,Complete curve; partial efficacy; poor fit,-4.85,3.2975,0.9752,-28.9949,-9.8089,-1.4,0 0 0 0 0 0 0,-29.5791,,,,,,-10.2715,,-11.2771,,-8.1741,,-10.8461,,-17.9141,,-24.4936,,,-29.5791,,,,,,,QC'd by Sytravon
154,24273752,1638328,Inconclusive,20,http://assay.nih.gov/htsws/rest/display/zika-ns2b-ns3-mCherry-counterscreen_66hr/NCGC00100054-01/238459987,,Cytotoxic,17.7828,21.1031,20,Partial curve; partial efficacy; poor fit,-4.75,1.6924,0.9023,-30.7929,-9.6898,-2.4,0 0 0 0 0 0 0,-28.9941,,,,,,-11.7216,,-7.2415,,-12.1161,,-11.0172,,-19.7802,,-20.3438,,,-28.9941,,,,,,,QC'd by Sytravon
155,24274737,1083228,Inconclusive,20,http://assay.nih.gov/htsws/rest/display/zika-ns2b-ns3-mCherry-counterscreen_66hr/NCGC00101039-01/238459771,,Cytotoxic,22.3872,33.4366,20,Partial curve; partial efficacy,-4.65,3.0654,0.9733,-41.0006,-7.564,-2.2,0 0 0 0 0 0 0,-37.8792,,,,,,-9.2748,,-8.5235,,-9.217,,-7.1367,,-8.2346,,-27.8821,,,-37.8792,,,,,,,QC'd by Sytravon
156,24384939,16008695,Inconclusive,20,http://assay.nih.gov/htsws/rest/display/zika-ns2b-ns3-mCherry-counterscreen_66hr/NCGC00110360-01/238459916,,Cytotoxic,35.4813,58.646,20,Partial curve; partial efficacy,-4.45,3.6772,0.9813,-69.7029,-11.0569,-2.2,0 0 0 0 0 0 0,-55.7166,,,,,,-8.623,,-8.978,,-11.729,,-15.6929,,-12.2911,,-23.2658,,,-55.7166,,,,,,,QC'd by Sytravon
157,24397623,54687807,Inconclusive,20,http://assay.nih.gov/htsws/rest/display/zika-ns2b-ns3-mCherry-counterscreen_66hr/NCGC00123044-01/238459770,,Cytotoxic,35.4813,34.9604,20,Partial curve; partial efficacy; poor fit,-4.45,4.9549,0.9809,-47.6358,-12.6754,-2.4,0 0 0 0 0 0 0,-41.7798,,,,,,-10.9795,,-11.384,,-12.0485,,-15.1979,,-13.7821,,-16.1225,,,-41.7798,,,,,,,QC'd by Sytravon
158,24403768,16025331,Inconclusive,20,http://assay.nih.gov/htsws/rest/display/zika-ns2b-ns3-mCherry-counterscreen_66hr/NCGC00128385-01/238459907,,Cytotoxic,39.8107,51.4482,20,Partial curve; partial efficacy,-4.4,4.9549,0.9701,-59.5829,-8.1347,-2.2,0 0 0 0 0 0 0,-49.6524,,,,,,-9.0963,,-7.8834,,-8.9484,,-10.6937,,-4.2449,,-10.0429,,,-49.6524,,,,,,,QC'd by Sytravon
159,24405931,16027446,Inconclusive,20,http://assay.nih.gov/htsws/rest/display/zika-ns2b-ns3-mCherry-counterscreen_66hr/NCGC00130548-01/238459918,,Cytotoxic,35.4813,57.3768,20,Partial curve; partial efficacy,-4.45,4.5045,0.9959,-66.3275,-8.9507,-2.2,0 0 0 0 0 0 0,-55.2729,,,,,,-7.2031,,-8.6526,,-9.9541,,-7.5581,,-10.457,,-18.2961,,,-55.2729,,,,,,,QC'd by Sytravon
160,24405959,16027474,Inconclusive,20,http://assay.nih.gov/htsws/rest/display/zika-ns2b-ns3-mCherry-counterscreen_66hr/NCGC00130576-01/238459784,,Cytotoxic,31.6228,53.2447,20,Partial curve; partial efficacy,-4.5,2.3031,0.9885,-62.7986,-9.5539,-2.2,0 0 0 0 0 0 0,-49.0899,,,,,,-7.859,,-7.9746,,-10.8639,,-12.453,,-15.9203,,-26.4086,,,-49.0899,,,,,,,QC'd by Sytravon
161,24406086,16027601,Inconclusive,20,http://assay.nih.gov/htsws/rest/display/zika-ns2b-ns3-mCherry-counterscreen_66hr/NCGC00130703-01/238459911,,Cytotoxic,19.9526,15.2549,20,Complete curve; partial efficacy; poor fit,-4.7,2.3332,0.9178,-23.6826,-8.4277,-1.4,0 0 0 0 0 0 0,-21.4022,,,,,,-8.623,,-10.9599,,-7.4397,,-8.5342,,-9.9246,,-19.3906,,,-21.4022,,,,,,,QC'd by Sytravon
162,26749695,5281701,Inconclusive,20,http://assay.nih.gov/htsws/rest/display/zika-ns2b-ns3-mCherry-counterscreen_66hr/NCGC00095682-01/238459955,,Cytotoxic,31.6228,18.227,20,Partial curve; partial efficacy; poor fit,-4.5,4.4495,0.9661,-26.4772,-8.2502,-2.4,0 0 0 0 0 0 0,-24.1476,,,,,,-8.2558,,-10.0873,,-7.1006,,-8.1713,,-6.8752,,-13.1868,,,-24.1476,,,,,,,QC'd by Microsource
163,26749736,135438671,Inconclusive,20,http://assay.nih.gov/htsws/rest/display/zika-ns2b-ns3-mCherry-counterscreen_66hr/NCGC00095720-01/238459950,,Cytotoxic,31.6228,42.7443,20,Partial curve; partial efficacy,-4.5,2.1876,0.9679,-57.7908,-15.0465,-2.2,0 0 0 0 0 0 0,-45.6748,,,,,,-12.5387,,-13.7504,,-17.6388,,-19.273,,-17.9487,,-31.3046,,,-45.6748,,,,,,,QC'd by Microsource
164,26749738,1287,Inconclusive,20,http://assay.nih.gov/htsws/rest/display/zika-ns2b-ns3-mCherry-counterscreen_66hr/NCGC00095722-01/238459951,,Cytotoxic,35.4813,36.492,20,Partial curve; partial efficacy; poor fit,-4.45,1.6868,0.9421,-50.3601,-13.8681,-2.4,0 0 0 0 0 0 0,-38.1516,,,,,,-9.8901,,-16.3145,,-15.6664,,-17.4134,,-18.7377,,-25.3593,,,-38.1516,,,,,,,QC'd by Microsource
165,26749739,16758082,Inconclusive,20,http://assay.nih.gov/htsws/rest/display/zika-ns2b-ns3-mCherry-counterscreen_66hr/NCGC00095723-01/238459977,,Cytotoxic,28.1838,18.8867,20,Partial curve; partial efficacy; poor fit,-4.55,1.5296,0.9563,-28.0837,-9.197,-2.4,0 0 0 0 0 0 0,-22.5697,,,,,,-9.6929,,-10.5945,,-7.6641,,-11.6089,,-13.6095,,-17.357,,,-22.5697,,,,,,,QC'd by Microsource
166,26755586,3325456,Inconclusive,20,http://assay.nih.gov/htsws/rest/display/zika-ns2b-ns3-mCherry-counterscreen_66hr/NCGC00161973-01/238459923,,Cytotoxic,31.6228,17.3523,20,Partial curve; partial efficacy; poor fit,-4.5,2.7202,0.9083,-24.1917,-6.8394,-2.4,0 0 0 0 0 0 0,-20.1597,,,,,,-4.8661,,-5.6944,,-10.0429,,-7.0848,,-7.4397,,-12.9715,,,-20.1597,,,,,,,QC'd by SigmaAldrich
167,26756667,4468,Inconclusive,20,http://assay.nih.gov/htsws/rest/display/zika-ns2b-ns3-mCherry-counterscreen-72hr/NCGC00163312-01/238459853,,Cytotoxic,1.9953,17.4529,20,Complete curve; partial efficacy; poor fit,-5.7,1.0693,0.9017,-21.2973,-3.8444,-1.4,0 0 0 0 0 0 0,-21.0811,,,,,-6.1203,,-11.4908,,-12.1534,,-13.8622,,-20.6975,,-18.1517,,-21.0811,,,,,,,,,QC'd by BIOMOL
168,363676478,5803,Inconclusive,20,http://assay.nih.gov/htsws/rest/display/zika-ns2b-ns3-mCherry-counterscreen_66hr/NCGC00016227-08/238459814,,Cytotoxic,35.4813,37.4656,20,Partial curve; partial efficacy,-4.45,3.1925,0.9802,-45.3709,-7.9053,-2.2,0 0 0 0 0 0 0,-35.5082,,,,,,-8.8053,,-6.0565,,-5.7544,,-9.2584,,-10.5573,,-15.9341,,,-35.5082,,,,,,,QC'd by Selleck
169,363677107,5287855,Inconclusive,20,http://assay.nih.gov/htsws/rest/display/zika-ns2b-ns3-mCherry-counterscreen-72hr/NCGC00186009-04/238459879,,Cytotoxic,25.1189,72.1614,20,Partial curve; partial efficacy,-4.6,2.3332,0.9448,-77.77,-5.6086,-2.2,0 0 0 0 0 0 0,-58.9167,,,,,-8.8839,,-3.8336,,-5.9532,,-8.1512,,-11.6054,,-17.0221,,-58.9167,,,,,,,,,QC'd by Selleck
170,363677140,9803963,Inconclusive,20,http://assay.nih.gov/htsws/rest/display/zika-ns2b-ns3-mCherry-counterscreen-72hr/NCGC00241455-08/238459868,,Cytotoxic,25.1189,53.6448,20,Partial curve; partial efficacy,-4.6,1.8508,0.8999,-59.1522,-5.5073,-2.2,0 0 0 0 0 0 0,-44.8122,,,,,-3.2055,,-6.6335,,-8.9363,,-9.826,,-9.3288,,-14.6932,,-44.8122,,,,,,,,,QC'd by MedChem Express
171,363677206,133053827,Inconclusive,20,http://assay.nih.gov/htsws/rest/display/zika-ns2b-ns3-mCherry-counterscreen_66hr/NCGC00263106-03/238459885,,Cytotoxic,35.4813,18.7217,20,Partial curve; partial efficacy; poor fit,-4.45,1.3442,0.9163,-27.5998,-8.878,-2.4,0 0 0 0 0 0 0,-21.3331,,,,,,-7.3984,,-8.9499,,-11.5932,,-11.2484,,-12.5126,,-14.5812,,,-21.3331,,,,,,,QC'd by Axon Medchem
172,363677296,70701426,Inconclusive,20,http://assay.nih.gov/htsws/rest/display/zika-ns2b-ns3-mCherry-counterscreen_66hr/NCGC00263773-18/238459861,,Cytotoxic,19.9526,24.2369,20,Partial curve; partial efficacy; poor fit,-4.7,1.2938,0.8509,-35.6322,-11.3953,-2.4,0 0 0 0 0 0 0,-33.0269,,,,,,-6.9961,,-15.9604,,-14.0928,,-16.7074,,-18.6324,,-22.2238,,,-33.0269,,,,,,,QC'd by MedChem Express
173,363677322,5312130,Inconclusive,20,http://assay.nih.gov/htsws/rest/display/zika-ns2b-ns3-mCherry-counterscreen-72hr/NCGC00344041-02/238459860,,Cytotoxic,25.1189,46.4214,20,Partial curve; partial efficacy,-4.6,2.3332,0.9351,-52.2439,-5.8225,-2.2,0 0 0 0 0 0 0,-39.5787,,,,,-4.9588,,-4.4354,,-8.3083,,-8.0727,,-10.2185,,-12.5474,,-39.5787,,,,,,,,,QC'd by Tocris
174,363677832,1261822,Inconclusive,20,http://assay.nih.gov/htsws/rest/display/zika-ns2b-ns3-mCherry-counterscreen-72hr/NCGC00370745-03/238459862,,Cytotoxic,25.1189,61.7184,20,Partial curve; partial efficacy,-4.6,2.4064,0.9664,-70.5508,-8.8325,-2.2,0 0 0 0 0 0 0,-53.4476,,,,,-7.6541,,-7.2615,,-11.0035,,-11.396,,-12.3381,,-20.1099,,-53.4476,,,,,,,,,QC'd by Aobious
175,363677910,127019,Inconclusive,20,http://assay.nih.gov/htsws/rest/display/zika-ns2b-ns3-mCherry-counterscreen_66hr/NCGC00370884-01/238460015,,Cytotoxic,35.4813,37.8188,20,Partial curve; partial efficacy,-4.45,3.2975,0.9864,-44.4784,-6.6596,-2.2,0 0 0 0 0 0 0,-35.3003,,,,,,-6.7439,,-5.5497,,-6.7439,,-6.2171,,-10.4672,,-15.2441,,,-35.3003,,,,,,,QC'd by Tocris
176,363677925,445091,Inconclusive,20,http://assay.nih.gov/htsws/rest/display/zika-ns2b-ns3-mCherry-counterscreen_66hr/NCGC00370906-01/238460042,,Cytotoxic,31.6228,54.4236,20,Partial curve; partial efficacy,-4.5,2.1876,0.9651,-59.274,-4.8504,-2.2,0 0 0 0 0 0 0,-45.6621,,,,,,-2.9856,,-4.6013,,-5.4795,,-5.6551,,-15.5602,,-20.0562,,,-45.6621,,,,,,,QC'd by Tocris
177,363678103,52936292,Inconclusive,20,http://assay.nih.gov/htsws/rest/display/zika-ns2b-ns3-mCherry-counterscreen_66hr/NCGC00378586-01/238460021,,Cytotoxic,31.6228,50.2575,20,Partial curve; partial efficacy,-4.5,3.99,0.9629,-56.9204,-6.663,-2.2,0 0 0 0 0 0 0,-49.5609,,,,,,-10.7833,,-9.2027,,-7.8679,,-3.4071,,-2.9153,,-19.8806,,,-49.5609,,,,,,,QC'd by MedChem Express
178,363678125,45102612,Inconclusive,20,http://assay.nih.gov/htsws/rest/display/zika-ns2b-ns3-mCherry-counterscreen_66hr/NCGC00378619-01/238460002,,Cytotoxic,35.4813,55.5443,20,Partial curve; partial efficacy,-4.45,4.9549,0.995,-64.6328,-9.0885,-2.2,0 0 0 0 0 0 0,-55.1106,,,,,,-11.3453,,-10.0457,,-7.7977,,-8.8514,,-8.4651,,-16.0871,,,-55.1106,,,,,,,QC'd by MedChem Express
179,363678382,4235339,Inconclusive,20,http://assay.nih.gov/htsws/rest/display/zika-ns2b-ns3-mCherry-counterscreen-72hr/NCGC00379140-01/238459946,,Cytotoxic,14.1254,13.1295,20,Partial curve; partial efficacy; poor fit,-4.85,2.5884,0.9132,-21.7416,-8.612,-2.4,0 0 0 0 0 0 0,-21.4513,,,,,-9.2043,,-7.4984,,-9.7645,,-6.76,,-12.8962,,-15.1369,,-21.4513,,,,,,,,,QC'd by Tocris
180,363679291,23786438,Inconclusive,20,http://assay.nih.gov/htsws/rest/display/zika-ns2b-ns3-mCherry-counterscreen_66hr/NCGC00384643-01/238459845,,Cytotoxic,31.6228,27.0625,20,Partial curve; partial efficacy; poor fit,-4.5,2.6384,0.9812,-38.5863,-11.5238,-2.4,0 0 0 0 0 0 0,-32.1553,,,,,,-10.6479,,-10.4365,,-11.8864,,-14.0009,,-13.0947,,-20.2537,,,-32.1553,,,,,,,QC'd by Analyticon
181,363679930,53463559,Inconclusive,20,http://assay.nih.gov/htsws/rest/display/zika-ns2b-ns3-mCherry-counterscreen_66hr/NCGC00385764-01/238460046,,Cytotoxic,22.3872,16.8089,20,Partial curve; partial efficacy; poor fit,-4.65,2.7202,0.9688,-25.8836,-9.0747,-2.4,0 0 0 0 0 0,-23.2363,,,,,,,,-8.3956,,-9.7973,,-10.8639,,-10.2849,,-18.6348,,,-23.2363,,,,,,,QC'd by Analyticon
182,363680619,44157038,Inconclusive,20,http://assay.nih.gov/htsws/rest/display/zika-ns2b-ns3-mCherry-counterscreen_66hr/NCGC00387458-01/238459808,,Cytotoxic,35.4813,24.635,20,Partial curve; partial efficacy; poor fit,-4.45,4.9549,0.9803,-32.9903,-8.3552,-2.4,0 0 0 0 0 0 0,-28.7419,,,,,,-6.9627,,-10.1646,,-7.9897,,-7.1439,,-8.9564,,-11.7656,,,-28.7419,,,,,,,QC'd by Tocris
183,363680835,53394059,Inconclusive,20,http://assay.nih.gov/htsws/rest/display/zika-ns2b-ns3-mCherry-counterscreen_66hr/NCGC00389704-01/238459848,,Cytotoxic,31.6228,32.2519,20,Partial curve; partial efficacy,-4.5,3.9295,0.9511,-39.6348,-7.3829,-2.2,0 0 0 0 0 0 0,-34.5718,,,,,,-11.4333,,-6.9023,,-6.4794,,-8.4428,,-4.4857,,-16.2966,,,-34.5718,,,,,,,QC'd by APExBIO
184,363680996,72165188,Inconclusive,20,http://assay.nih.gov/htsws/rest/display/zika-ns2b-ns3-mCherry-counterscreen-72hr/NCGC00402240-03/238459993,,Cytotoxic,25.1189,41.4967,20,Partial curve; partial efficacy,-4.6,1.7891,0.9048,-44.9076,-3.4109,-2.2,0 0 0 0 0 0 0,-34.0209,,,,,-2.0091,,-4.0718,,-4.6611,,-5.0094,,-9.9384,,-10.367,,-34.0209,,,,,,,,,QC'd by Glixx
185,363681079,9996409,Inconclusive,20,http://assay.nih.gov/htsws/rest/display/zika-ns2b-ns3-mCherry-counterscreen-72hr/NCGC00408905-01/238459881,,Cytotoxic,17.7828,18.8384,20,Partial curve; partial efficacy; poor fit,-4.75,3.132,0.915,-24.2455,-5.407,-2.4,0 0 0 0 0 0 0,-23.5379,,,,,-5.7177,,-4.8279,,-9.198,,-2.8392,,-7.1307,,-13.3063,,-23.5379,,,,,,,,,QC'd by Glixx
186,363681250,5461634,Inconclusive,20,http://assay.nih.gov/htsws/rest/display/zika-ns2b-ns3-mCherry-counterscreen-72hr/NCGC00485182-01/238459826,,Cytotoxic,4.4668,27.2249,20,Complete curve; partial efficacy; poor fit,-5.35,1.0693,0.912,-16.2249,11,-1.4,0 0 0 0 0 0 0,-15.1874,,,,,11.0375,,4.5161,,0.1918,,-3.1561,,-2.3191,,-10.9677,,-15.1874,,,,,,,,,QC'd by SIGMA
187,363681407,9864378,Inconclusive,20,http://assay.nih.gov/htsws/rest/display/zika-ns2b-ns3-mCherry-counterscreen-72hr/NCGC00485908-01/238459898,,Cytotoxic,6.3096,44.1997,20,Complete curve; high efficacy; poor fit,-5.2,4.095,0.9712,-100.7244,-56.5247,-1.3,0 0 0 0 1 0 0,-99.7122,,,,,-50.0196,,-60.4344,,-60.225,,-62.9988,,-31.6499,,-100.5234,,-99.7122,,,,,,,,,QC'd by MedChem Express
188,375815072,2760722,Inconclusive,20,http://assay.nih.gov/htsws/rest/display/zika-ns2b-ns3-mCherry-counterscreen_66hr/NCGC00374159-01/238459818,,Cytotoxic,22.3872,31.5428,20,Partial curve; partial efficacy; poor fit,-4.65,1.0474,0.9437,-42.7266,-11.1837,-2.4,0 0 0 0 0 0 0,-36.5353,,,,,,,-11.4031,,-13.8197,,-18.8038,,-17.0518,,,-27.5034,,-28.5908,,-36.5353,,,,,,QC'd by ChemRoutes
189,384569175,54681536,Inconclusive,20,http://assay.nih.gov/htsws/rest/display/zika-ns2b-ns3-mCherry-counterscreen_66hr/NCGC00389413-02/238459817,,Cytotoxic,31.6228,36.9792,20,Partial curve; partial efficacy,-4.5,2.0437,0.9881,-46.2481,-9.2689,-2.2,0 0 0 0 0 0 0,-36.1728,,,,,,-10.4969,,-8.1408,,-8.473,,-11.2521,,-14.3936,,-21.613,,,-36.1728,,,,,,,QC'd by APExBIO
190,387065725,4469,Inconclusive,20,http://assay.nih.gov/htsws/rest/display/zika-ns2b-ns3-mCherry-counterscreen-72hr/NCGC00025139-02/238459823,,Cytotoxic,15.8489,27.6935,20,Partial curve; partial efficacy; poor fit,-4.8,3.132,0.9678,-24.1935,3.5,-2.4,0 0 0 0 0 0 0,-25.1613,,,,,4.551,,2.354,,4.9346,,1.8657,,-0.0174,,-9.0497,,-25.1613,,,,,,,,,QC'd by Aobious
191,387065739,15991147,Inconclusive,20,http://assay.nih.gov/htsws/rest/display/zika-ns2b-ns3-mCherry-counterscreen_66hr/NCGC00099239-02/238459839,,Cytotoxic,35.4813,39.387,20,Single point of activity,-4.45,4.095,0.9893,-50.222,-10.8351,-3,0 0 0 0 0 0 0,-41.8517,,,,,,-10.0438,,-10.3459,,-9.8626,,-12.0375,,-13.6384,,-17.8976,,,-41.8517,,,,,,,QC'd by Chemdiv
192,387065763,9961192,Inconclusive,20,http://assay.nih.gov/htsws/rest/display/zika-ns2b-ns3-mCherry-counterscreen_66hr/NCGC00167757-04/238459884,,Cytotoxic,35.4813,26.0824,20,Partial curve; partial efficacy; poor fit,-4.45,3.0654,0.9463,-34.3746,-8.2922,-2.4,0 0 0 0 0 0 0,-27.3955,,,,,,-5.2435,,-8.3752,,-10.0129,,-10.5014,,-8.6051,,-14.2077,,,-27.3955,,,,,,,QC'd by SIGMA
193,387065766,2090,Inconclusive,20,http://assay.nih.gov/htsws/rest/display/zika-ns2b-ns3-mCherry-counterscreen-72hr/NCGC00178352-05/238459903,,Cytotoxic,1.122,65.6049,20,Complete curve; partial efficacy; poor fit,-5.95,4.9549,0.667,-78.3249,-12.7199,-1.4,0 0 0 0 0 0 1,-29.6754,,,,,-13.0999,,-38.3577,,-88.5678,,-93.9147,,-86.5309,,-40.8784,,-29.6754,,,,,,,,,QC'd by Microsource
194,387065776,54675785,Inconclusive,20,http://assay.nih.gov/htsws/rest/display/zika-ns2b-ns3-mCherry-counterscreen_66hr/NCGC00179358-03/238460013,,Cytotoxic,35.4813,22.4963,20,Partial curve; partial efficacy; poor fit,-4.45,2.4064,0.9256,-28.0485,-5.5522,-2.4,0 0 0 0 0 0 0,-21.7071,,,,,,-3.7935,,-4.5662,,-6.3224,,-9.1675,,-7.2708,,-11.275,,,-21.7071,,,,,,,QC'd by Microsource
195,387065784,54728272,Inconclusive,20,http://assay.nih.gov/htsws/rest/display/zika-ns2b-ns3-mCherry-counterscreen_66hr/NCGC00183095-11/238459807,,Cytotoxic,31.6228,31.8706,20,Partial curve; partial efficacy; poor fit,-4.5,3.9295,0.9724,-45.7868,-13.9162,-2.4,0 0 0 0 0 0 0,-40.7038,,,,,,-17.4143,,-13.8197,,-12.4301,,-12.9739,,-13.6384,,-23.2442,,,-40.7038,,,,,,,QC'd by Bio Vision
196,387065824,16122583,Inconclusive,20,http://assay.nih.gov/htsws/rest/display/zika-ns2b-ns3-mCherry-counterscreen_66hr/NCGC00387254-01/238460028,,Cytotoxic,35.4813,46.5169,20,Partial curve; partial efficacy,-4.45,4.9549,0.9765,-55.7871,-9.2703,-2.2,0 0 0 0 0 0 0,-48.156,,,,,,-6.3224,,-8.3597,,-8.5704,,-10.9589,,-13.3825,,-14.1201,,,-48.156,,,,,,,QC'd by Tocris
197,387065844,423738,Inconclusive,20,http://assay.nih.gov/htsws/rest/display/zika-ns2b-ns3-mCherry-counterscreen_66hr/NCGC00507933-01/238459787,,Cytotoxic,35.4813,31.3727,20,Partial curve; partial efficacy; poor fit,-4.45,1.4232,0.8464,-40.8911,-9.5183,-2.4,0 0 0 0 0 0 0,-30.7426,,,,,,-5.432,,-12.4819,,-12.8576,,-10.575,,-17.2493,,-16.9315,,,-30.7426,,,,,,,QC'd by NCI
198,387065845,402709,Inconclusive,20,http://assay.nih.gov/htsws/rest/display/zika-ns2b-ns3-mCherry-counterscreen-72hr/NCGC00507934-01/238459941,,Cytotoxic,14.1254,13.6349,20,Complete curve; partial efficacy; poor fit,-4.85,4.9549,0.8924,-22.7358,-9.1009,-1.4,0 0 0 0 0 0 0,-23.9465,,,,,-8.2368,,-12.9472,,-9.077,,-9.0516,,-7.1674,,-18.1922,,-23.9465,,,,,,,,,QC'd by NCI
199,387065846,402710,Inconclusive,20,http://assay.nih.gov/htsws/rest/display/zika-ns2b-ns3-mCherry-counterscreen-72hr/NCGC00507935-01/238459921,,Cytotoxic,12.5893,19.332,20,Complete curve; partial efficacy; poor fit,-4.9,3.5117,0.9614,-28.0439,-8.712,-1.4,0 0 0 0 0 0 0,-27.5366,,,,,-8.3386,,-8.1604,,-7.6766,,-12.3361,,-10.8593,,-22.0115,,-27.5366,,,,,,,,,QC'd by NCI
200,387065847,402715,Inconclusive,20,http://assay.nih.gov/htsws/rest/display/zika-ns2b-ns3-mCherry-counterscreen-72hr/NCGC00507936-01/238459938,,Cytotoxic,15.8489,18.1432,20,Partial curve; partial efficacy; poor fit,-4.8,2.3332,0.9308,-26.3857,-8.2425,-2.4,0 0 0 0 0 0 0,-25.3215,,,,,-7.7785,,-7.7021,,-7.753,,-12.2597,,-9.4844,,-18.1922,,-25.3215,,,,,,,,,QC'd by NCI
201,50112850,24868294,Inconclusive,20,http://assay.nih.gov/htsws/rest/display/zika-ns2b-ns3-mCherry-counterscreen-72hr/NCGC00167631-01/238460025,,Cytotoxic,25.1189,102.727,20,Single point of activity,-4.6,3.132,0.9412,-113.4291,-10.7021,-3,0 0 0 0 0 0 0,-85.9311,,,,,-7.8263,,-10.1755,,-10.5979,,-13.1582,,-23.4262,,-19.678,,-85.9311,,,,,,,,,QC'd by Broad
202,90341011,6603901,Inconclusive,20,http://assay.nih.gov/htsws/rest/display/zika-ns2b-ns3-mCherry-counterscreen_66hr/NCGC00015599-05/238460003,,Cytotoxic,35.4813,30.8014,20,Partial curve; partial efficacy,-4.45,1.8079,0.9456,-40.333,-9.5316,-2.2,0 0 0 0 0 0 0,-30.2775,,,,,,-8.3597,,-8.3948,,-11.0994,,-12.0478,,-15.49,,-17.1409,,,-30.2775,,,,,,,QC'd by SigmaAldrich
203,90341663,10386195,Inconclusive,20,http://assay.nih.gov/htsws/rest/display/zika-ns2b-ns3-mCherry-counterscreen_66hr/NCGC00093872-03/238459844,,Cytotoxic,35.4813,44.2517,20,Partial curve; partial efficacy,-4.45,4.095,0.997,-54.1731,-9.9214,-2.2,0 0 0 0 0 0 0,-45.1442,,,,,,-8.6845,,-9.6813,,-11.0406,,-9.5605,,-10.3459,,-17.7768,,,-45.1442,,,,,,,QC'd by SigmaAldrich
204,90341827,3246390,Inconclusive,20,http://assay.nih.gov/htsws/rest/display/zika-ns2b-ns3-mCherry-counterscreen_66hr/NCGC00186001-01/238460027,,Cytotoxic,28.1838,32.8288,20,Partial curve; partial efficacy; poor fit,-4.55,2.4064,0.9946,-36.6586,-3.8298,-2.4,0 0 0 0 0 0 0,-29.7155,,,,,,-4.0745,,-2.7749,,-4.1798,,-5.9712,,-7.3762,,-17.3516,,,-29.7155,,,,,,,QC'd by SigmaAldrich
205,99455393,6202157,Inconclusive,20,http://assay.nih.gov/htsws/rest/display/zika-ns2b-ns3-mCherry-counterscreen_66hr/MLS001201644-02/238459944,,Cytotoxic,28.1838,48.0208,20,Complete curve; partial efficacy,-4.55,4.4495,0.9794,-54.5727,-6.5519,-1.2,0 0 0 0 0 0 0,-50.8653,,,,,,,,-7.7651,,-9.1555,,-7.2031,,-3.2392,,-22.26,,,-54.8883,,-50.8653,,,,,QC'd by Life Chemicals Inc.
206,24414220,5762939,Inconclusive,10,http://assay.nih.gov/htsws/rest/display/zika-ns2b-ns3-mCherry-counterscreen-72hr/NCGC00138837-01/238459779,,Inconclusive,,,10,,-6.45,3.132,0.8294,-52.593,-2.9441,5,0 0 0 0 0 0 0,-51.0616,,,,,-39.9534,,-54.6608,,-51.9679,,-52.9518,,-50.3366,,-51.5795,,-51.0616,,,,,,,,,QC'd by Sytravon
207,387065783,3062316,Inconclusive,10,http://assay.nih.gov/htsws/rest/display/zika-ns2b-ns3-mCherry-counterscreen-72hr/NCGC00181129-07/238460032,,Inconclusive,,,10,,-4.8,2.3332,0.8268,-95.8574,-86.5744,5,0 0 0 0 0 0 0,-96.9645,,,,,,,,,,,,-88.4123,,-87.1453,,-93.7442,,-96.3046,,-94.5097,,-93.797,,-96.9645,,QC'd by AK Scientific
208,104223993,49853379,Inactive,0,http://assay.nih.gov/htsws/rest/display/zika-ns2b-ns3-mCherry-counterscreen-72hr/NCGC00183184-01/238459991,,Inactive,,,0,,,,,0,0,4,,-4.7147,,,,,-1.8484,,-2.9735,,-5.3308,,0.0804,,-6.2416,,-5.4112,,-4.7147,,,,,,,,,QC'd by NCGCChem
209,104224094,49852902,Inactive,0,http://assay.nih.gov/htsws/rest/display/zika-ns2b-ns3-mCherry-counterscreen-72hr/NCGC00183984-01/238459920,,Inactive,,,0,,,,,0,0,4,,-10.732,,,,,-7.3711,,-10.8339,,-13.3036,,-13.9147,,-11.0376,,-10.2992,,-10.732,,,,,,,,,QC'd by NCGCChem
210,11113262,5281614,Inactive,0,http://assay.nih.gov/htsws/rest/display/zika-ns2b-ns3-mCherry-counterscreen-72hr/NCGC00017344-01/238459856,,Inactive,,,0,,-4.75,1.5665,0.6118,-19.7405,-2,4,0 0 0 0 0 0 0,-17.2838,,,,,-6.9999,,-2.97,,-2.9962,,0.4841,,-10.7419,,-6.9737,,-17.2838,,,,,,,,,QC'd by Timtec
211,11114024,3932022,Inactive,0,http://assay.nih.gov/htsws/rest/display/zika-ns2b-ns3-mCherry-counterscreen-72hr/NCGC00025105-01/238460052,,Inactive,,,0,,,,,0,0,4,,-14.839,,,,,-7.8876,,-8.9393,,-7.6055,,,-5.8099,,-9.3497,,-9.1445,,-14.839,,,,,,,,QC'd by Tocris
212,124880709,5281670,Inactive,0,http://assay.nih.gov/htsws/rest/display/zika-ns2b-ns3-mCherry-counterscreen-72hr/NCGC00015672-13/238460045,,Inactive,,,0,,,,,0,0,4,,-7.2192,,,,,-3.9725,,-0.6203,,-5.8994,,-5.1867,,-8.1431,,-9.3309,,-7.2192,,,,,,,,,QC'd by SIGMA
213,124881890,6604161,Inactive,0,http://assay.nih.gov/htsws/rest/display/zika-ns2b-ns3-mCherry-counterscreen-72hr/NCGC00016197-03/238459968,,Inactive,,,0,,-4.75,1.0693,0.7201,-20.5446,-2,4,0 0 0 0 0 0 0,-16.2872,,,,,-6.1345,,0.5626,,-4.3665,,-7.4203,,-6.6167,,-8.2507,,-16.2872,,,,,,,,,QC'd by PolySciences
214,124881892,8514,Inactive,0,http://assay.nih.gov/htsws/rest/display/zika-ns2b-ns3-mCherry-counterscreen-72hr/NCGC00016201-03/238459986,,Inactive,,,0,,,,,0,0,4,,-11.1439,,,,,-3.3753,,-1.1787,,-4.0182,,-4.3665,,-4.0986,,-4.9022,,-11.1439,,,,,,,,,QC'd by Microsource
215,124882238,4114,Inactive,0,http://assay.nih.gov/htsws/rest/display/zika-ns2b-ns3-mCherry-counterscreen-72hr/NCGC00016418-12/238459926,,Inactive,,,0,,,,,0,0,4,,-12.1069,,,,,,,-5.6906,,-8.8733,,-13.049,,-8.3896,,-8.8733,,-11.7505,,-12.1069,,,,,,,QC'd by SIGMA
216,124883393,2406,Inactive,0,http://assay.nih.gov/htsws/rest/display/zika-ns2b-ns3-mCherry-counterscreen-72hr/NCGC00018163-05/238459888,,Inactive,,,0,,,,,0,0,4,,-7.2354,,,,,-10.4278,,-2.813,,-9.2765,,-0.9813,,-8.8316,,-3.9121,,-7.2354,,,,,,,,,QC'd by NIEHS
217,124893211,3507056,Inactive,0,http://assay.nih.gov/htsws/rest/display/zika-ns2b-ns3-mCherry-counterscreen-72hr/NCGC00166030-02/238459922,,Inactive,,,0,,,,,0,0,4,,-8.6442,,,,,-7.1929,,-8.8733,,-9.8409,,-12.387,,-4.9523,,-2.508,,-8.6442,,,,,,,,,QC'd by SIGMA
218,124894010,2405019,Inactive,0,http://assay.nih.gov/htsws/rest/display/zika-ns2b-ns3-mCherry-counterscreen-72hr/NCGC00182513-01/238459872,,Inactive,,,0,,,,,0,0,4,,-6.1887,,,,,-7.34,,-10.0092,,-13.0184,,-1.8972,,-9.0671,,-8.0727,,-6.1887,,,,,,,,,QC'd by Enamine
219,124896725,4619591,Inactive,0,http://assay.nih.gov/htsws/rest/display/zika-ns2b-ns3-mCherry-counterscreen-72hr/NCGC00186051-01/238460012,,Inactive,,,0,,,,,0,0,4,,-4.87,,,,,-3.1015,,-5.2395,,-6.5065,,-10.5979,,-12.34,,-9.8588,,-4.87,,,,,,,,,QC'd by Acros
220,124898733,16888,Inactive,0,http://assay.nih.gov/htsws/rest/display/zika-ns2b-ns3-mCherry-counterscreen-72hr/NCGC00187585-01/238459933,,Inactive,,,0,,-5.6,1.0693,0.9053,-14.2171,-0.3374,4,0 0 0 0 0 0 0,-14.3475,,,,,-1.9478,,-4.112,,-7.8294,,-9.4335,,-8.3386,,-13.2272,,-14.3475,,,,,,,,,QC'd by SigmaAldrich
221,124898739,6450,Inactive,0,http://assay.nih.gov/htsws/rest/display/zika-ns2b-ns3-mCherry-counterscreen-72hr/NCGC00187594-01/238459851,,Inactive,,,0,,,,,0,0,4,,-11.2479,,,,,-9.3497,,-9.8115,,-8.2981,,-12.787,,-11.7353,,-12.0431,,-11.2479,,,,,,,,,QC'd by SigmaAldrich
222,124898743,5081356,Inactive,0,http://assay.nih.gov/htsws/rest/display/zika-ns2b-ns3-mCherry-counterscreen-72hr/NCGC00187598-01/238459990,,Inactive,,,0,,,,,0,0,4,,-4.0182,,,,,-3.3217,,-1.393,,-7.8221,,-3.536,,-8.3043,,-4.6343,,-4.0182,,,,,,,,,QC'd by SIGMA
223,124898744,4301150,Inactive,0,http://assay.nih.gov/htsws/rest/display/zika-ns2b-ns3-mCherry-counterscreen-72hr/NCGC00187600-01/238459972,,Inactive,,,0,,,,,0,0,4,,-5.947,,,,,-6.5363,,-5.063,,-8.7329,,-7.6346,,-8.7061,,-8.7061,,-5.947,,,,,,,,,QC'd by SigmaAldrich
224,124898745,136153107,Inactive,0,http://assay.nih.gov/htsws/rest/display/zika-ns2b-ns3-mCherry-counterscreen-72hr/NCGC00187602-01/238459927,,Inactive,,,0,,-5,1.0693,0.957,-19.8224,-4.9621,4,0 0 0 0 0 0 0,-17.352,,,,,-5.436,,-5.3851,,-8.1859,,-10.0191,,-11.0376,,-13.0745,,-17.352,,,,,,,,,QC'd by SIGMA
225,144205928,19731,Inactive,0,http://assay.nih.gov/htsws/rest/display/zika-ns2b-ns3-mCherry-counterscreen-72hr/NCGC00166250-01/238459969,,Inactive,,,0,,-4.85,1.7891,0.7046,-10.8653,-1.5,4,0 0 0 0 0 0 0,-9.0544,,,,,-1.6609,,-0.8304,,-4.5004,,1.4733,,-5.3576,,-7.2864,,-9.0544,,,,,,,,,QC'd by SigmaAldrich
226,144206456,44072,Inactive,0,http://assay.nih.gov/htsws/rest/display/zika-ns2b-ns3-mCherry-counterscreen-72hr/NCGC00183270-01/238459891,,Inactive,,,0,,,,,0,0,4,,-7.3139,,,,,-5.9793,,-9.1456,,-7.3924,,-2.8915,,-4.2523,,-4.1214,,-7.3139,,,,,,,,,QC'd by ACC
227,144206788,9409,Inactive,0,http://assay.nih.gov/htsws/rest/display/zika-ns2b-ns3-mCherry-counterscreen-72hr/NCGC00181162-01/238459978,,Inactive,,,0,,,,,0,0,4,,-8.9204,,,,,-0.9644,,-3.8039,,-2.1163,,-2.1163,,-3.6432,,-5.4112,,-8.9204,,,,,,,,,QC'd by NCI
228,170465816,6282,Inactive,0,http://assay.nih.gov/htsws/rest/display/zika-ns2b-ns3-mCherry-counterscreen-72hr/NCGC00159391-03/238459895,,Inactive,,,0,,,,,0,0,4,,-3.7289,,,,,-6.5027,,-6.1625,,-11.0297,,-4.7494,,-5.7962,,-5.2466,,-3.7289,,,,,,,,,QC'd by Labotest
229,170465919,54680694,Inactive,0,http://assay.nih.gov/htsws/rest/display/zika-ns2b-ns3-mCherry-counterscreen-72hr/NCGC00263906-02/238460055,,Inactive,,,0,,-4.8,1.0693,0.6581,-18.7228,-4.7476,4,0 0 0 0 0 0 0,-14.769,,,,,-5.5275,,-3.5397,,-9.1892,,-4.2371,,-12.3976,,-9.6774,,-14.769,,,,,,,,,QC'd by Microsource
230,170466173,54688686,Inactive,0,http://assay.nih.gov/htsws/rest/display/zika-ns2b-ns3-mCherry-counterscreen-72hr/NCGC00262909-01/238459957,,Inactive,,,0,,-4.85,1.9282,0.947,-14.8478,0.5,4,0 0 0 0 0 0 0,-13.2065,,,,,1.9287,,0.6161,,-1.393,,0.2411,,-4.3665,,-6.8578,,-13.2065,,,,,,,,,QC'd by GVK
231,170466876,644280,Inactive,0,http://assay.nih.gov/htsws/rest/display/zika-ns2b-ns3-mCherry-counterscreen-72hr/NCGC00344545-01/238459865,,Inactive,,,0,,,,,0,0,4,,-9.5381,,,,,-9.6428,,-8.0204,,-7.4186,,-6.7905,,-8.9363,,-5.142,,-9.5381,,,,,,,,,QC'd by SIGMA
232,174007181,54675779,Inactive,0,http://assay.nih.gov/htsws/rest/display/zika-ns2b-ns3-mCherry-counterscreen-72hr/NCGC00091268-11/238459970,,Inactive,,,0,,,,,0,0,4,,-7.3132,,,,,-5.3308,,-2.3841,,-6.9917,,-6.4559,,-7.4739,,-6.322,,-7.3132,,,,,,,,,QC'd by Microsource
233,24271828,1161068,Inactive,0,http://assay.nih.gov/htsws/rest/display/zika-ns2b-ns3-mCherry-counterscreen-72hr/NCGC00098130-01/238459765,,Inactive,,,0,,,,,0,0,4,,-10.668,,,,,-11.5225,,-7.7421,,-8.4412,,-9.3734,,-7.0948,,-10.0984,,-10.668,,,,,,,,,QC'd by Sytravon
234,24271968,399171,Inactive,0,http://assay.nih.gov/htsws/rest/display/zika-ns2b-ns3-mCherry-counterscreen-72hr/NCGC00098270-01/238459764,,Inactive,,,0,,-5.35,3.0654,0.8848,-21.0608,-10.3413,4,0 0 0 0 0 0 0,-17.7887,,,,,-9.4511,,-10.6422,,-11.9627,,-14.2672,,-21.2066,,-22.9674,,-17.7887,,,,,,,,,QC'd by Sytravon
235,24273170,4371078,Inactive,0,http://assay.nih.gov/htsws/rest/display/zika-ns2b-ns3-mCherry-counterscreen-72hr/NCGC00099472-01/238459791,,Inactive,,,0,,,,,0,0,4,,-13.5422,,,,,-8.985,,-10.1502,,-10.3055,,-9.6582,,-13.0502,,-14.3967,,-13.5422,,,,,,,,,QC'd by Sytravon
236,24273418,4115997,Inactive,0,http://assay.nih.gov/htsws/rest/display/zika-ns2b-ns3-mCherry-counterscreen-72hr/NCGC00099720-01/238459798,,Inactive,,,0,,,,,0,0,4,,-13.2833,,,,,-7.043,,-8.8296,,-7.6903,,-13.9047,,-15.2253,,-12.7395,,-13.2833,,,,,,,,,QC'd by Sytravon
237,24273420,2486181,Inactive,0,http://assay.nih.gov/htsws/rest/display/zika-ns2b-ns3-mCherry-counterscreen-72hr/NCGC00099722-01/238459799,,Inactive,,,0,,-5.5,3.9295,0.5963,-14.965,-7.9601,4,0 0 0 0 0 0 0,-18.7209,,,,,-9.7618,,-5.8001,,-9.0886,,-13.2315,,-16.3128,,-9.9948,,-18.7209,,,,,,,,,QC'd by Sytravon
238,24273656,15991215,Inactive,0,http://assay.nih.gov/htsws/rest/display/zika-ns2b-ns3-mCherry-counterscreen-72hr/NCGC00099958-01/238459777,,Inactive,,,0,,,,,0,0,4,,-14.9922,,,,,-18.2807,,-8.5707,,-12.4806,,-14.0601,,-11.6779,,-14.4744,,-14.9922,,,,,,,,,QC'd by Sytravon
239,24273662,15991217,Inactive,0,http://assay.nih.gov/htsws/rest/display/zika-ns2b-ns3-mCherry-counterscreen-72hr/NCGC00099964-01/238459762,,Inactive,,,0,,-4.75,3.9295,0.89,-19.2729,-9.2962,4,0 0 0 0 0 0 0,-19.3941,,,,,-11.1859,,-9.3993,,-8.6484,,-6.9135,,-10.435,,-13.6458,,-19.3941,,,,,,,,,QC'd by Sytravon
240,24274043,15991270,Inactive,0,http://assay.nih.gov/htsws/rest/display/zika-ns2b-ns3-mCherry-counterscreen-72hr/NCGC00100345-01/238459930,,Inactive,,,0,,,,,0,0,4,,-12.5398,,,,,-6.7855,,-7.7276,,-6.8619,,-10.2737,,-7.4729,,-12.6416,,-12.5398,,,,,,,,,QC'd by Sytravon
241,24274045,5322407,Inactive,0,http://assay.nih.gov/htsws/rest/display/zika-ns2b-ns3-mCherry-counterscreen-72hr/NCGC00100347-01/238460024,,Inactive,,,0,,,,,0,0,4,,-18.0414,,,,,-11.0202,,-13.4486,,-13.0527,,-13.3694,,-16.1673,,-8.7502,,-18.0414,,,,,,,,,QC'd by Sytravon
242,24275565,6414514,Inactive,0,http://assay.nih.gov/htsws/rest/display/zika-ns2b-ns3-mCherry-counterscreen-72hr/NCGC00101867-01/238459795,,Inactive,,,0,,,,,0,0,4,,-16.9601,,,,,-11.5743,,-12.9726,,-11.3413,,-9.8395,,-13.2056,,-16.5717,,-16.9601,,,,,,,,,QC'd by Sytravon
243,24396588,16018596,Inactive,0,http://assay.nih.gov/htsws/rest/display/zika-ns2b-ns3-mCherry-counterscreen-72hr/NCGC00122009-01/238459758,,Inactive,,,0,,-4.85,1.0693,0.8204,-17.0388,-2.9604,4,0 0 0 0 0 0 0,-12.5324,,,,,-1.217,,-6.0849,,-6.2403,,-4.1688,,-7.6644,,-11.16,,-12.5324,,,,,,,,,QC'd by Sytravon
244,24397555,54687789,Inactive,0,http://assay.nih.gov/htsws/rest/display/zika-ns2b-ns3-mCherry-counterscreen-72hr/NCGC00122976-01/238459763,,Inactive,,,0,,,,,0,0,4,,-8.6743,,,,,-2.9518,,-6.4215,,-9.8654,,-6.551,,-8.1305,,-9.8912,,-8.6743,,,,,,,,,QC'd by Sytravon
245,24397585,54687796,Inactive,0,http://assay.nih.gov/htsws/rest/display/zika-ns2b-ns3-mCherry-counterscreen-72hr/NCGC00123006-01/238459905,,Inactive,,,0,,,,,0,0,4,,-8.3132,,,,,-9.6881,,-8.8988,,-7.2693,,-8.2113,,-7.3456,,-10.9102,,-8.3132,,,,,,,,,QC'd by Sytravon
246,24397599,54687803,Inactive,0,http://assay.nih.gov/htsws/rest/display/zika-ns2b-ns3-mCherry-counterscreen-72hr/NCGC00123020-01/238459773,,Inactive,,,0,,,,,0,0,4,,-7.3278,,,,,-4.6867,,-5.8778,,-7.9751,,-8.7519,,-5.2822,,-11.3931,,-7.3278,,,,,,,,,QC'd by Sytravon
247,24397617,54687804,Inactive,0,http://assay.nih.gov/htsws/rest/display/zika-ns2b-ns3-mCherry-counterscreen-72hr/NCGC00123038-01/238459781,,Inactive,,,0,,,,,0,0,4,,-17.0119,,,,,-11.4966,,-11.4707,,-9.5805,,-14.2672,,-13.6976,,-12.6359,,-17.0119,,,,,,,,,QC'd by Sytravon
248,24403738,16025301,Inactive,0,http://assay.nih.gov/htsws/rest/display/zika-ns2b-ns3-mCherry-counterscreen-72hr/NCGC00128355-01/238459965,,Inactive,,,0,,-4.9,3.5722,0.8702,-13.6693,-4.311,4,0 0 0 0 0 0 0,-13.4744,,,,,-5.2773,,-2.7592,,-6.831,,-2.786,,-6.4291,,-11.0099,,-13.4744,,,,,,,,,QC'd by Sytravon
249,24405861,16027376,Inactive,0,http://assay.nih.gov/htsws/rest/display/zika-ns2b-ns3-mCherry-counterscreen-72hr/NCGC00130478-01/238459768,,Inactive,,,0,,,,,0,0,4,,-3.7804,,,,,-4.1688,,-4.8162,,-13.7752,,-2.7706,,-6.2144,,-9.9689,,-3.7804,,,,,,,,,QC'd by Sytravon
250,24405905,16027420,Inactive,0,http://assay.nih.gov/htsws/rest/display/zika-ns2b-ns3-mCherry-counterscreen-72hr/NCGC00130522-01/238459805,,Inactive,,,0,,-4.8,2.3332,0.8866,-19.2165,-3.1779,4,0 0 0 0 0 0 0,-18.5137,,,,,-3.8063,,-2.3045,,-3.2108,,-1.3982,,-8.985,,-9.1144,,-18.5137,,,,,,,,,QC'd by Sytravon
251,24405981,16027496,Inactive,0,http://assay.nih.gov/htsws/rest/display/zika-ns2b-ns3-mCherry-counterscreen-72hr/NCGC00130598-01/238459909,,Inactive,,,0,,,,,0,0,4,,-5.3342,,,,,-3.5264,,-4.9523,,-7.6766,,-4.0102,,-6.8109,,-4.0356,,-5.3342,,,,,,,,,QC'd by Sytravon
252,24405989,16027504,Inactive,0,http://assay.nih.gov/htsws/rest/display/zika-ns2b-ns3-mCherry-counterscreen-72hr/NCGC00130606-01/238459934,,Inactive,,,0,,,,,0,0,4,,-8.6442,,,,,-10.4774,,-9.7645,,-12.1833,,-12.3361,,-9.4335,,-7.5493,,-8.6442,,,,,,,,,QC'd by Sytravon
253,24406023,16027538,Inactive,0,http://assay.nih.gov/htsws/rest/display/zika-ns2b-ns3-mCherry-counterscreen-72hr/NCGC00130640-01/238459761,,Inactive,,,0,,,,,0,0,4,,-11.16,,,,,-7.3796,,-11.4966,,-3.4697,,-12.7913,,-9.7359,,-9.5805,,-11.16,,,,,,,,,QC'd by Sytravon
254,24406025,16027540,Inactive,0,http://assay.nih.gov/htsws/rest/display/zika-ns2b-ns3-mCherry-counterscreen-72hr/NCGC00130642-01/238459769,,Inactive,,,0,,,,,0,0,4,,-10.7457,,,,,-10.5127,,-7.5091,,-11.3154,,-6.8099,,-7.8975,,-10.3314,,-10.7457,,,,,,,,,QC'd by Sytravon
255,24406060,16027575,Inactive,0,http://assay.nih.gov/htsws/rest/display/zika-ns2b-ns3-mCherry-counterscreen-72hr/NCGC00130677-01/238459948,,Inactive,,,0,,,,,0,0,4,,-5.7161,,,,,-8.4914,,-7.4729,,-10.6047,,-11.7759,,-7.4984,,-7.4729,,-5.7161,,,,,,,,,QC'd by Sytravon
256,24414776,16034057,Inactive,0,http://assay.nih.gov/htsws/rest/display/zika-ns2b-ns3-mCherry-counterscreen-72hr/NCGC00139393-01/238459801,,Inactive,,,0,,,,,0,0,4,,-13.5163,,,,,-9.1403,,-5.3081,,-8.5189,,-10.7457,,-11.8591,,-11.4707,,-13.5163,,,,,,,,,QC'd by Sytravon
257,24417191,712666,Inactive,0,http://assay.nih.gov/htsws/rest/display/zika-ns2b-ns3-mCherry-counterscreen-72hr/NCGC00141808-01/238459803,,Inactive,,,0,,-4.8,1.2938,0.7889,-23.8944,-3.6468,4,0 0 0 0 0 0 0,-19.912,,,,,-1.3723,,-7.6903,,-8.26,,-3.392,,-10.7457,,-12.0663,,-19.912,,,,,,,,,QC'd by Sytravon
258,24417227,1502250,Inactive,0,http://assay.nih.gov/htsws/rest/display/zika-ns2b-ns3-mCherry-counterscreen-72hr/NCGC00141844-01/238459804,,Inactive,,,0,,,,,0,0,4,,-10.1502,,,,,-4.2465,,-8.5448,,-10.9011,,-6.2921,,-9.2698,,-10.6422,,-10.1502,,,,,,,,,QC'd by Sytravon
259,26748158,5152597,Inactive,0,http://assay.nih.gov/htsws/rest/display/zika-ns2b-ns3-mCherry-counterscreen-72hr/NCGC00094735-01/238459956,,Inactive,,,0,,,,,0,0,4,,-10.6081,,,,,-2.0627,,-4.7683,,-6.0541,,-5.1969,,-7.3667,,-9.6169,,-10.6081,,,,,,,,,QC'd by Microsource
260,26750006,16667712,Inactive,0,http://assay.nih.gov/htsws/rest/display/zika-ns2b-ns3-mCherry-counterscreen-72hr/NCGC00095989-01/238460038,,Inactive,,,0,,,,,0,0,4,,-13.6598,,,,,-5.7938,,-6.8233,,-6.2162,,-8.671,,-13.0263,,-9.7268,,-13.6598,,,,,,,,,QC'd by Microsource
261,26750048,5280647,Inactive,0,http://assay.nih.gov/htsws/rest/display/zika-ns2b-ns3-mCherry-counterscreen-72hr/NCGC00096031-01/238459858,,Inactive,,,0,,,,,0,0,4,,-7.1307,,,,,2.1065,,1.4785,,-1.4785,,-0.6411,,-3.1794,,-1.9495,,-7.1307,,,,,,,,,QC'd by Microsource
262,26751814,100185,Inactive,0,http://assay.nih.gov/htsws/rest/display/zika-ns2b-ns3-mCherry-counterscreen-72hr/NCGC00024700-02/238460011,,Inactive,,,0,,,,,0,0,4,,-4.9756,,,,,-8.0903,,-9.2781,,-9.2517,,-4.4477,,-7.4832,,0.0132,,-4.9756,,,,,,,,,QC'd by BIOMOL
263,26756668,4881,Inactive,0,http://assay.nih.gov/htsws/rest/display/zika-ns2b-ns3-mCherry-counterscreen-72hr/NCGC00163313-01/238459828,,Inactive,,,0,,,,,0,0,4,,-11.2816,,,,,-3.0514,,-6.1901,,-2.5283,,-6.1203,,-7.2014,,-8.9799,,-11.2816,,,,,,,,,QC'd by NCGC
264,26756729,5328807,Inactive,0,http://assay.nih.gov/htsws/rest/display/zika-ns2b-ns3-mCherry-counterscreen-72hr/NCGC00163372-01/238459973,,Inactive,,,0,,,,,0,0,4,,-9.4026,,,,,-5.5987,,-1.2858,,-1.0715,,-4.7415,,-1.8484,,-6.9649,,-9.4026,,,,,,,,,QC'd by BIOMOL
265,363677172,54708532,Inactive,0,http://assay.nih.gov/htsws/rest/display/zika-ns2b-ns3-mCherry-counterscreen-72hr/NCGC00250373-05/238459886,,Inactive,,,0,,,,,0,0,4,,-14.6408,,,,,-8.7793,,-6.241,,-8.1774,,-9.669,,-7.7587,,-12.4689,,-14.6408,,,,,,,,,QC'd by Selleck
266,363677634,133053852,Inactive,0,http://assay.nih.gov/htsws/rest/display/zika-ns2b-ns3-mCherry-counterscreen-72hr/NCGC00347591-02/238459976,,Inactive,,,0,,-5.45,1.0474,0.8942,-15.3083,1.5,4,0 0 0 0 0 0 0,-11.0903,1.2055,,-0.1339,,0.375,,-1.1519,,-7.206,,-5.4916,,-11.0903,,,,,,,,,,,,,QC'd by Analyticon
267,363678449,998021,Inactive,0,http://assay.nih.gov/htsws/rest/display/zika-ns2b-ns3-mCherry-counterscreen-72hr/NCGC00379252-02/238460014,,Inactive,,,0,,-4.95,1.07,0.8856,-32.1726,-11.9256,4,0 0 0 0 0 0 0,-27.2271,,,,,-9.938,,-16.0882,,-16.8536,,-14.874,,-20.1267,,-24.5876,,-27.2271,,,,,,,,,QC'd by Adooq
268,363678707,56776223,Inactive,0,http://assay.nih.gov/htsws/rest/display/zika-ns2b-ns3-mCherry-counterscreen-72hr/NCGC00380684-01/238459890,,Inactive,,,0,,,,,0,0,4,,-8.0466,,,-2.499,,,-1.2168,,-2.5775,,-3.3364,,-2.2373,,-2.0803,,-8.0466,,,,,,,,,,QC'd by Analyticon
269,363678994,71694438,Inactive,0,http://assay.nih.gov/htsws/rest/display/zika-ns2b-ns3-mCherry-counterscreen-72hr/NCGC00381147-01/238459925,,Inactive,,,0,,,,,0,0,4,,-13.5328,,,-5.0541,,-9.3062,,-6.5309,,-7.8803,,-7.9313,,-6.7855,,-13.5328,,,,,,,,,,,QC'd by Analyticon
270,363679827,60208891,Inactive,0,http://assay.nih.gov/htsws/rest/display/zika-ns2b-ns3-mCherry-counterscreen-72hr/NCGC00385595-01/238459876,,Inactive,,,0,,,,,0,0,4,,-6.3718,,,-4.6448,,,-12.3904,,-8.0989,,-4.6186,,-8.9886,,-5.613,,-6.3718,,,,,,,,,,QC'd by Analyticon
271,363681161,45102710,Inactive,0,http://assay.nih.gov/htsws/rest/display/zika-ns2b-ns3-mCherry-counterscreen-72hr/NCGC00484069-01/238459864,,Inactive,,,0,,,,,0,0,4,,-7.2092,,,,,-8.9624,,-7.2092,,-9.512,,-5.2205,,-9.0671,,-8.9101,,-7.2092,,,,,,,,,QC'd by MedChem Express
272,363681391,10445549,Inactive,0,http://assay.nih.gov/htsws/rest/display/zika-ns2b-ns3-mCherry-counterscreen-72hr/NCGC00485882-01/238460007,,Inactive,,,0,,,,,0,0,4,,-3.603,,,,,-10.0699,,-5.3979,,-7.7471,,-10.4131,,-6.1106,,-9.3309,,-3.603,,,,,,,,,QC'd by MedChem Express
273,375807583,75368165,Inactive,0,http://assay.nih.gov/htsws/rest/display/zika-ns2b-ns3-mCherry-counterscreen-72hr/NCGC00393540-01/238459816,,Inactive,,,0,,-5.55,1.4232,0.6809,3,14.5,4,0 0 0 0 0 0 0,1.4124,,,,,,12.8509,,11.0375,,10.4795,,1.4821,,6.8875,,6.0854,,,1.4124,,,,,,,QC'd by Analyticon
274,375889564,134810031,Inactive,0,http://assay.nih.gov/htsws/rest/display/zika-ns2b-ns3-mCherry-counterscreen-72hr/NCGC00420571-01/238459947,,Inactive,,,0,,,,,0,0,4,,-13.4564,,,,,-6.3017,,-7.422,,-7.5748,,-9.7899,,-6.4799,,-8.5933,,-13.4564,,,,,,,,,QC'd by Charles River
275,384567899,5280343,Inactive,0,http://assay.nih.gov/htsws/rest/display/zika-ns2b-ns3-mCherry-counterscreen-72hr/NCGC00015870-26/238460000,,Inactive,,,0,,-5,1.1109,0.4018,1.4819,-11.1542,4,0 0 0 0 0 0 1,-12.9471,,,,,-8.1959,,-16.3785,,-4.9492,,-7.8527,,-7.7207,,-2.0985,,-12.9471,,,,,,,,,QC'd by Specs
276,384568791,12000240,Inactive,0,http://assay.nih.gov/htsws/rest/display/zika-ns2b-ns3-mCherry-counterscreen-72hr/NCGC00346477-02/238459843,,Inactive,,,0,,-6.1,4.095,0.7804,-0.6617,9,4,0 0 0 0 0 0 0,-2.7027,,,,,7.6896,,1.4821,,0.8893,,-3.0514,,0.68,,1.0636,,-2.7027,,,,,,,,,QC'd by MedChem Express
277,387065718,5281605,Inactive,0,http://assay.nih.gov/htsws/rest/display/zika-ns2b-ns3-mCherry-counterscreen-72hr/NCGC00017236-11/238459945,,Inactive,,,0,,-4.85,4.9549,0.9103,-19.1362,-7.6232,4,0 0 0 0 0 0 0,-18.4468,,,,,-6.5054,,-7.1674,,-10.1209,,-8.3641,,-6.3526,,-16.0789,,-18.4468,,,,,,,,,QC'd by Microsource
278,387065722,4124399,Inactive,0,http://assay.nih.gov/htsws/rest/display/zika-ns2b-ns3-mCherry-counterscreen-72hr/NCGC00024823-04/238459952,,Inactive,,,0,,-5.05,2.4729,0.9554,-14.0229,4.5,4,0 0 0 0 0 0 0,-13.7691,,,,,5.8934,,1.2858,,4.6879,,3.3485,,-4.6343,,-9.6169,,-13.7691,,,,,,,,,QC'd by Tocris
279,387065724,3315620,Inactive,0,http://assay.nih.gov/htsws/rest/display/zika-ns2b-ns3-mCherry-counterscreen-72hr/NCGC00025069-05/238460036,,Inactive,,,0,,,,,0,0,4,,-9.542,,,-6.4273,,-10.6243,,-7.2192,,-5.1604,,-7.5096,,-2.1249,,-9.542,,,,,,,,,,,QC'd by Tocris
280,387065733,70789202,Inactive,0,http://assay.nih.gov/htsws/rest/display/zika-ns2b-ns3-mCherry-counterscreen-72hr/NCGC00094630-03/238459997,,Inactive,,,0,,,,,0,0,4,,9.5634,,,,,5.7862,,3.9914,,7.581,,5.813,,6.4559,,9.2955,,9.5634,,,,,,,,,QC'd by USP
281,387065745,5289916,Inactive,0,http://assay.nih.gov/htsws/rest/display/zika-ns2b-ns3-mCherry-counterscreen-72hr/NCGC00102612-02/238459928,,Inactive,,,0,,,,,0,0,4,,-14.4494,,,,,-5.3851,,-9.8918,,-10.7829,,-10.401,,-6.9892,,-14.4239,,-14.4494,,,,,,,,,QC'd by Chemdiv
282,387065747,16015572,Inactive,0,http://assay.nih.gov/htsws/rest/display/zika-ns2b-ns3-mCherry-counterscreen-72hr/NCGC00118728-02/238459967,,Inactive,,,0,,,,,0,0,4,,-7.0988,,,,,-3.9111,,-6.2684,,-0.9108,,-6.2148,,-1.3662,,-4.9826,,-7.0988,,,,,,,,,QC'd by Chemdiv
283,387065760,4407718,Inactive,0,http://assay.nih.gov/htsws/rest/display/zika-ns2b-ns3-mCherry-counterscreen-72hr/NCGC00167554-02/238459897,,Inactive,,,0,,-5.4,1.6868,0.6184,-11.6149,-2,4,0 0 0 0 0 0 1,-4.8018,,,,,-5.8747,,1.0336,,-5.1681,,-5.6653,,-11.7624,,-9.6428,,-4.8018,,,,,,,,,QC'd by Microsource
284,387065798,439155,Inactive,0,http://assay.nih.gov/htsws/rest/display/zika-ns2b-ns3-mCherry-counterscreen-72hr/NCGC00263623-03/238460006,,Inactive,,,0,,,,,0,0,4,,-6.0314,,,,,-10.677,,-5.0812,,-10.7562,,-11.944,,-7.8791,,-6.1898,,-6.0314,,,,,,,,,QC'd by Cayman
285,387065842,257767,Inactive,0,http://assay.nih.gov/htsws/rest/display/zika-ns2b-ns3-mCherry-counterscreen-72hr/NCGC00507931-01/238459789,,Inactive,,,0,,,,,0,0,4,,-12.2734,,,,,-3.7027,,-4.3242,,-12.377,,-6.9912,,-9.71,,-9.2439,,-12.2734,,,,,,,,,QC'd by NCI
286,387065843,281406,Inactive,0,http://assay.nih.gov/htsws/rest/display/zika-ns2b-ns3-mCherry-counterscreen-72hr/NCGC00507932-01/238459766,,Inactive,,,0,,-5.2,1.0693,0.8555,-16.2703,-4.1665,4,0 0 0 0 0 0 0,-15.2253,,,,,-3.0554,,-8.5966,,-6.7582,,-8.5966,,-11.3931,,-12.1181,,-15.2253,,,,,,,,,QC'd by NCI
287,387065848,5472466,Inactive,0,http://assay.nih.gov/htsws/rest/display/zika-ns2b-ns3-mCherry-counterscreen-72hr/NCGC00507937-01/238459915,,Inactive,,,0,,,,,0,0,4,,-9.0261,,,,,-9.7645,,-8.1604,,-10.0955,,-9.6626,,-3.5773,,-5.3087,,-9.0261,,,,,,,,,QC'd by NCI
288,50110019,5578857,Inactive,0,http://assay.nih.gov/htsws/rest/display/zika-ns2b-ns3-mCherry-counterscreen-72hr/NCGC00160279-01/238460009,,Inactive,,,0,,-4.9,4.9549,0.8438,1.3507,-11.2265,4,0 0 0 0 0 0 1,-12.3136,,,,,-11.0466,,-12.2608,,-9.0669,,-10.9674,,-13.1055,,-0.5411,,-12.3136,,,,,,,,,QC'd by Prestwick Chemical; Inc.
